1before|2after|3weight
start|（エヴァ）残酷な天使のテーゼ (Directors Edit Version)|1
（エヴァ）残酷な天使のテーゼ (Directors Edit Version)|（機動戦士ガンダム第08MS小隊）嵐の中で輝いて|1
（機動戦士ガンダム第08MS小隊）嵐の中で輝いて|（少女革命ウテナ）輪舞・revolution (オープニングテーマ)|1
（少女革命ウテナ）輪舞・revolution (オープニングテーマ)|（幽遊白書）微笑みの爆弾|1
（幽遊白書）微笑みの爆弾|（ポケモン）めざせポケモンマスター|1
（ポケモン）めざせポケモンマスター|（まもって守護月天！）さぁ|1
（まもって守護月天！）さぁ|（仙界伝封神演義）WILL|1
（仙界伝封神演義）WILL|（名探偵コナン）謎|1
（名探偵コナン）謎|（スラムダンク）マイフレンド [Slam Dunk ED4]|1
（スラムダンク）マイフレンド [Slam Dunk ED4]|（ふたつのスピカ）Venus Say・・・|1
（ふたつのスピカ）Venus Say・・・|（YAT安心!宇宙旅行）HEAVEN|1
（YAT安心!宇宙旅行）HEAVEN|（とっても!! ラッキーマン） ラッキーマンの歌|1
（とっても!! ラッキーマン） ラッキーマンの歌|（セイバーマリオネットJ）Successful Mission|1
（セイバーマリオネットJ）Successful Mission|（シャーマンキング）Northern lights|1
（シャーマンキング）Northern lights|（スレイヤーズNEXT）Give a reason|1
（スレイヤーズNEXT）Give a reason|（ちびまる子ちゃん）おどるポンポコリン|1
（ちびまる子ちゃん）おどるポンポコリン|（忍たま）勇気100%|1
（忍たま）勇気100%|（美少女戦士セーラームーンR）乙女のポリシー|1
（美少女戦士セーラームーンR）乙女のポリシー|（サクラ大戦）檄!帝国華撃団|1
（サクラ大戦）檄!帝国華撃団|（戦国乙女パラドックス）陽炎|1
（戦国乙女パラドックス）陽炎|（電脳冒険記ウェブダイバー）Diver#2100|1
（電脳冒険記ウェブダイバー）Diver#2100|（攻殻機動隊S.A.C 2nd GIG）rise|1
（攻殻機動隊S.A.C 2nd GIG）rise|（Black Lagoon）Red fraction|1
（Black Lagoon）Red fraction|（NO.6）Spell|1
（NO.6）Spell|（デュラララ!!）裏切りの夕焼け|1
（デュラララ!!）裏切りの夕焼け|（銀魂）バクチダンサー|1
（銀魂）バクチダンサー|（デジモンアドベンチャー）Butter-Fly|1
（デジモンアドベンチャー）Butter-Fly|（CCさくら）プラチナ|1
（CCさくら）プラチナ|（ラブライブ！）きっと青春が聞こえる |1
（ラブライブ！）きっと青春が聞こえる |（咲-saki-阿知賀編）Miracle Rush|1
（咲-saki-阿知賀編）Miracle Rush|（探偵オペラミルキィホームズ）正解はひとつ！じゃない！！|1
（探偵オペラミルキィホームズ）正解はひとつ！じゃない！！|（魔法少女まどかマギカ）コネクト|1
（魔法少女まどかマギカ）コネクト|（ギルティクラウン）The Everlasting Guilty Crown|1
（ギルティクラウン）The Everlasting Guilty Crown|end|1
start|（ゆるゆり）マイペースでいきましょう|1
（ゆるゆり）マイペースでいきましょう|（アニマル横町）飛んでもNothing ～どき☆どきアニマル横町のうたの巻～|1
（アニマル横町）飛んでもNothing ～どき☆どきアニマル横町のうたの巻～|（ポケモン）前向きロケット団!|1
（ポケモン）前向きロケット団!|（ひだまりスケッチ）?でわっしょい|1
（ひだまりスケッチ）?でわっしょい|（ひだまりスケッチ×ハニカム ）おーぷん☆きゃんばす|1
（ひだまりスケッチ×ハニカム ）おーぷん☆きゃんばす|（けいおん！）Don't say“lazy”|1
（けいおん！）Don't say“lazy”|（これはゾンビですか？）魔・カ・セ・テ Tonight|1
（これはゾンビですか？）魔・カ・セ・テ Tonight|（僕は友達が少ない）私のキ・モ・チ|1
（僕は友達が少ない）私のキ・モ・チ|（コードギアス）O2|1
（コードギアス）O2|（BECK）HIT IN THE USA|1
（BECK）HIT IN THE USA|（ドラえもん のび太のひみつ道具博物館）未来のミュージアム (Mirai no Museum ; Museum of the Future)|1
（ドラえもん のび太のひみつ道具博物館）未来のミュージアム (Mirai no Museum ; Museum of the Future)|（氷菓）君にまつわるミステリー|1
（氷菓）君にまつわるミステリー|（ラブライブ！）きっと青春が聞こえる |1
（ラブライブ！）きっと青春が聞こえる |（ガールス＆パンツァー）Dream Riser|1
（ガールス＆パンツァー）Dream Riser|（俺修羅）Girlish Lover|1
（俺修羅）Girlish Lover|（スイートプリキュア）ラララスイートプリキュア|1
（スイートプリキュア）ラララスイートプリキュア|（輪廻のラグランジェ）マーブル|1
（輪廻のラグランジェ）マーブル|（BLACKCAT）ナミダボシ|1
（BLACKCAT）ナミダボシ|（武装神姫）Install x Dream|1
（武装神姫）Install x Dream|（おじゃる丸）プリン賛歌|1
（おじゃる丸）プリン賛歌|（忍たま）0点チャンピオン|1
（忍たま）0点チャンピオン|（も〜っと！おジャ魔女どれみ）おジャ魔女でBAN2|1
（も〜っと！おジャ魔女どれみ）おジャ魔女でBAN2|（ドキドキプリキュア）この空の向こう|1
（ドキドキプリキュア）この空の向こう|（gdgd妖精s）キノコの気持ち|1
（gdgd妖精s）キノコの気持ち|（鉄腕バーディー DECODE:02）kiseki|1
（鉄腕バーディー DECODE:02）kiseki|（ジョジョ）BLOODY STREAM|1
（ジョジョ）BLOODY STREAM|（ストリートファイター2）恋しさと せつなさと 心強さと|1
（ストリートファイター2）恋しさと せつなさと 心強さと|（クレヨンしんちゃん）SIX COLORS BOY|1
（クレヨンしんちゃん）SIX COLORS BOY|（しまじろう）ハッピー・ジャムジャム|1
（しまじろう）ハッピー・ジャムジャム|（アイ！マイ！まいん）キッチンはマイステージ|1
（アイ！マイ！まいん）キッチンはマイステージ|（トップをねらえ２！）Groovin' Magic|1
（トップをねらえ２！）Groovin' Magic|（幽遊白書）微笑みの爆弾|1
（幽遊白書）微笑みの爆弾|（忍空）輝きは君の中に|1
（忍空）輝きは君の中に|end|1
start|（スイートプリキュア）ワンダフル↑パワフル↑ミュージック！|1
（スイートプリキュア）ワンダフル↑パワフル↑ミュージック！|（名探偵コナン）恋はスリル、ショック、サスペンス|1
（名探偵コナン）恋はスリル、ショック、サスペンス|（アンパンマン）いくぞ! ばいきんまん|1
（アンパンマン）いくぞ! ばいきんまん|（Another）凶夢伝染|1
（Another）凶夢伝染|（サクラ大戦）檄!帝国華撃団|1
（サクラ大戦）檄!帝国華撃団|（戦国乙女パラドックス）陽炎|1
（戦国乙女パラドックス）陽炎|（セイクリッドセブン）Stone Cold|1
（セイクリッドセブン）Stone Cold|（アクセルワールド）Burst the Gravity|1
（アクセルワールド）Burst the Gravity|（宇宙兄弟）ユーリカ|1
（宇宙兄弟）ユーリカ|（ちはやふる２）Star|1
（ちはやふる２）Star|（這いよれ! ニャル子さんW）恋は混沌の隷也|1
（這いよれ! ニャル子さんW）恋は混沌の隷也|（ガールス＆パンツァー）Enter Enter MISSION!|1
（ガールス＆パンツァー）Enter Enter MISSION!|（咲-saki- 阿知賀編）Futuristic Player|1
（咲-saki- 阿知賀編）Futuristic Player|（パワプロ８）Little Soldier|1
（パワプロ８）Little Soldier|（氷菓）君にまつわるミステリー|1
（氷菓）君にまつわるミステリー|（そふてにっ）つまさきだち|1
（そふてにっ）つまさきだち|（C3）Endless Story|1
（C3）Endless Story|（俺修羅）W:Wonder Tale|1
（俺修羅）W:Wonder Tale|（カーニバルファンタズム）すーぱー☆あふぇくしょん|1
（カーニバルファンタズム）すーぱー☆あふぇくしょん|（侵略！？イカ娘）High Powered|1
（侵略！？イカ娘）High Powered|（ソードアートオンライン）INNOCENCE|1
（ソードアートオンライン）INNOCENCE|（TIGER&BUNNY）リニアブルーを聴きながら|1
（TIGER&BUNNY）リニアブルーを聴きながら|（青の祓魔師）CORE PRIDE|1
（青の祓魔師）CORE PRIDE|（黒子のバスケ）Can Do|1
（黒子のバスケ）Can Do|end|1
start|（スカイクロラ）今夜も星に抱かれて…|1
（スカイクロラ）今夜も星に抱かれて…|（電脳コイル）空の欠片|1
（電脳コイル）空の欠片|（夏雪ランデブー）あなたに出会わなければ~夏雪冬花~|1
（夏雪ランデブー）あなたに出会わなければ~夏雪冬花~|（NO.6）六等星の夜|1
（NO.6）六等星の夜|（サイコパス）All Alone With You|1
（サイコパス）All Alone With You|（シュタゲ）Another Heaven|1
（シュタゲ）Another Heaven|（Robotics;Notes）Topology|1
（Robotics;Notes）Topology|（進撃の巨人）美しき残酷な世界|1
（進撃の巨人）美しき残酷な世界|（たまゆら）おかえりなさい|1
（たまゆら）おかえりなさい|（東京マグニチュード8.0）M/elody|1
（東京マグニチュード8.0）M/elody|（銀魂）IN MY LIFE|1
（銀魂）IN MY LIFE|（輪廻のラグランジェ2）ジャージ部魂|1
（輪廻のラグランジェ2）ジャージ部魂|（ドンキーコング）明日になったら…|1
（ドンキーコング）明日になったら…|（ハッチポッチ）ハッチポッチファミリー ＜フルサイズ＞|1
（ハッチポッチ）ハッチポッチファミリー ＜フルサイズ＞|（ビーストウォース超生命体トランスフォーマー゙）War War! Stop It|1
（ビーストウォース超生命体トランスフォーマー゙）War War! Stop It|（焼きたてジャパン）To All Tha Dreamers|1
（焼きたてジャパン）To All Tha Dreamers|（アイ！マイ！まいん）キッチンはマイステージ|1
（アイ！マイ！まいん）キッチンはマイステージ|（機動戦艦ナデシコ）私らしく|1
（機動戦艦ナデシコ）私らしく|（ポケモン）ライバル!|1
（ポケモン）ライバル!|（RAVE）Butterfly Kiss|1
（RAVE）Butterfly Kiss|（名探偵コナン）謎|1
（名探偵コナン）謎|（犬夜叉）CHANGE THE WORLD|1
（犬夜叉）CHANGE THE WORLD|（NARUTO）悲しみをやさしさに|1
（NARUTO）悲しみをやさしさに|（ふたつのスピカ）Venus Say・・・|1
（ふたつのスピカ）Venus Say・・・|（鉄のラインバレル）PROUD|1
（鉄のラインバレル）PROUD|（宇宙兄弟）素晴らしき世界|1
（宇宙兄弟）素晴らしき世界|（花咲くいろは）Hazy|1
（花咲くいろは）Hazy|（CCさくら）Catch You Catch Me|1
（CCさくら）Catch You Catch Me|（しまじろう）ハッピー・ジャムジャム|1
（しまじろう）ハッピー・ジャムジャム|（メダロット）やっぱり君が好き!|1
（メダロット）やっぱり君が好き!|（アンパンマン）勇気りんりん|1
（アンパンマン）勇気りんりん|end|1
start|（へうげもの）Bowl Man feat. IKZO|1
（へうげもの）Bowl Man feat. IKZO|（千年女優）ロタティオン (Lotus-2)|1
（千年女優）ロタティオン (Lotus-2)|（朝霧の巫女）KOIBUMI|1
（朝霧の巫女）KOIBUMI|（墓場鬼太郎）モノノケダンス (Video Edit)|1
（墓場鬼太郎）モノノケダンス (Video Edit)|（地獄先生ぬーべー）SPIRIT|1
（地獄先生ぬーべー）SPIRIT|（犬夜叉）CHANGE THE WORLD|1
（犬夜叉）CHANGE THE WORLD|（忍たま）四方八方肘鉄砲(Splash Version)|1
（忍たま）四方八方肘鉄砲(Splash Version)|（NARUTO）悲しみをやさしさに|1
（NARUTO）悲しみをやさしさに|（超訳百人一首うた恋い）ラブレターフロム何か？|1
（超訳百人一首うた恋い）ラブレターフロム何か？|（猫神やおよろず）神サマといっしょ|1
（猫神やおよろず）神サマといっしょ|（神様はじめました）神様はじめました|1
（神様はじめました）神様はじめました|（戦国乙女パラドックス）陽炎|1
（戦国乙女パラドックス）陽炎|（サクラ大戦）檄!帝国華撃団|1
（サクラ大戦）檄!帝国華撃団|（大正野球娘）浪漫ちっくストライク。|1
（大正野球娘）浪漫ちっくストライク。|（ちはやふる）Youthful|1
（ちはやふる）Youthful|（つり球）徒然モノクローム|1
（つり球）徒然モノクローム|（じょしらく）ニッポン笑顔百景|1
（じょしらく）ニッポン笑顔百景|（ボカロ）千本桜|1
（ボカロ）千本桜|（刀語）拍手喝采歌合|1
（刀語）拍手喝采歌合|（戦国BASARA）SWORD SUMMIT|1
（戦国BASARA）SWORD SUMMIT|（戦国コレクション）目をとじてギュッしよ|1
（戦国コレクション）目をとじてギュッしよ|（百花繚乱 サムライブライド）結局、偶然で候|1
（百花繚乱 サムライブライド）結局、偶然で候|（おとめ妖怪ざくろ）MOON SIGNAL|1
（おとめ妖怪ざくろ）MOON SIGNAL|（黄昏乙女×アムネジア）Choir Jail|1
（黄昏乙女×アムネジア）Choir Jail|（魔乳秘剣帖）運命|1
（魔乳秘剣帖）運命|（閃乱カグラ）Break Your World|1
（閃乱カグラ）Break Your World|（織田信奈の野望）Link|1
（織田信奈の野望）Link|（逆境無頼カイジ 破戒録篇）Chase the Light!|1
（逆境無頼カイジ 破戒録篇）Chase the Light!|（銀魂）曇天|1
（銀魂）曇天|end|1
start|（逆境無頼カイジ 破戒録篇）Chase the Light!|1
（逆境無頼カイジ 破戒録篇）Chase the Light!|（わたモテ）私がモテないのはどう考えてもお前らが悪い (TVサイズ)|1
（わたモテ）私がモテないのはどう考えてもお前らが悪い (TVサイズ)|（異国迷路のクロワーゼ）世界は踊るよ、君と。|1
（異国迷路のクロワーゼ）世界は踊るよ、君と。|（きんいろモザイク）Your Voice|1
（きんいろモザイク）Your Voice|（ナジカ電撃作戦）Body & Mind|1
（ナジカ電撃作戦）Body & Mind|（攻殻機動隊）GET9|1
（攻殻機動隊）GET9|（るろうに剣心）TACTICS|1
（るろうに剣心）TACTICS|（ポケモン）めざせポケモンマスター|1
（ポケモン）めざせポケモンマスター|（忍たま）四方八方肘鉄砲(Splash Version)|1
（忍たま）四方八方肘鉄砲(Splash Version)|"（セーラームーンSupers）""らしく""いきましょ"|1
"（セーラームーンSupers）""らしく""いきましょ"|（ちびまる子ちゃん）KinKiのやる気まんまんソング|1
（ちびまる子ちゃん）KinKiのやる気まんまんソング|（おジャ魔女どれみ#）おジャ魔女は ココにいる|1
（おジャ魔女どれみ#）おジャ魔女は ココにいる|（CLAMP学園探偵団）ピアニィ・ピンク|1
（CLAMP学園探偵団）ピアニィ・ピンク|（CCさくら）Catch You Catch Me|1
（CCさくら）Catch You Catch Me|（アンパンマン）勇気りんりん|1
（アンパンマン）勇気りんりん|（シャイニング‧ハーツ）ふわっふわのまほう|1
（シャイニング‧ハーツ）ふわっふわのまほう|（フルメタル・パニック!）tomorrow|1
（フルメタル・パニック!）tomorrow|（カレイドスター）約束の場所へ|1
（カレイドスター）約束の場所へ|（少女革命ウテナ）輪舞・revolution (オープニングテーマ)|1
（少女革命ウテナ）輪舞・revolution (オープニングテーマ)|（爆れつハンター）WHAT'S UP GUYS?|1
（爆れつハンター）WHAT'S UP GUYS?|（クレヨンしんちゃん）SIX COLORS BOY|1
（クレヨンしんちゃん）SIX COLORS BOY|（ストリートファイター2）恋しさと せつなさと 心強さと|1
（ストリートファイター2）恋しさと せつなさと 心強さと|（セイバーマリオネットJ）Successful Mission|1
（セイバーマリオネットJ）Successful Mission|（シャーマンキング）Over Soul|1
（シャーマンキング）Over Soul|（うえきの法則）Falco -ファルコ-|1
（うえきの法則）Falco -ファルコ-|（ガンパレードオーケストラ）Faze to love|1
（ガンパレードオーケストラ）Faze to love|（機動戦士ガンダムSEED）Realize|1
（機動戦士ガンダムSEED）Realize|（ガンダムW EW）White Reflection|1
（ガンダムW EW）White Reflection|（スレイヤーズREVOLUTION）Plenty of grit|1
（スレイヤーズREVOLUTION）Plenty of grit|（それゆけ!宇宙戦艦ヤマモト・ヨーコ）天使の休息|1
（それゆけ!宇宙戦艦ヤマモト・ヨーコ）天使の休息|（六門天外モンコレナイト）Just Fly Away|1
（六門天外モンコレナイト）Just Fly Away|（VS騎士ラムネ&40炎）未来形アイドル|1
（VS騎士ラムネ&40炎）未来形アイドル|（アイカツ）ヒラリ / ヒトリ / キラリ|1
（アイカツ）ヒラリ / ヒトリ / キラリ|（苺ましまろ）いちごコンプリート|1
（苺ましまろ）いちごコンプリート|end|1
start|（ダンガンロンパ）Never Say Never|1
（ダンガンロンパ）Never Say Never|（ペルソナ4）Sky's the Limit|1
（ペルソナ4）Sky's the Limit|（ちょびっツ）Let Me Be With You|1
（ちょびっツ）Let Me Be With You|（妖狐×僕SS）太陽と月|1
（妖狐×僕SS）太陽と月|（STARDRIVER）Cross Over|1
（STARDRIVER）Cross Over|（もやしもんリターンズ）Wake Up|1
（もやしもんリターンズ）Wake Up|（俺の妹がこんなに可愛いわけがない）Irony|1
（俺の妹がこんなに可愛いわけがない）Irony|（アイカツ！）カレンダーガール|1
（アイカツ！）カレンダーガール|（イナズマイレブン）流星ボーイ|1
（イナズマイレブン）流星ボーイ|（キン肉マンⅡ世）愛のマッスル|1
（キン肉マンⅡ世）愛のマッスル|（ガッチャマン）ガッチャマンの歌|1
（ガッチャマン）ガッチャマンの歌|（ガッチャマンクラウズ）Crowds|1
（ガッチャマンクラウズ）Crowds|（BECK）HIT IN THE USA|1
（BECK）HIT IN THE USA|（コードギアス）O2|1
（コードギアス）O2|（タッチ）タッチ|1
（タッチ）タッチ|（リトルバスターズ）Alicemagic|1
（リトルバスターズ）Alicemagic|（パワプロ８）Little Soldier|1
（パワプロ８）Little Soldier|（Aチャンネル）Morning Arch|1
（Aチャンネル）Morning Arch|（咲-saki- 阿知賀編）Futuristic Player|1
（咲-saki- 阿知賀編）Futuristic Player|（ラブひな）サクラサク|1
（ラブひな）サクラサク|（さくら荘のペットな彼女）DAYS of DASH|1
（さくら荘のペットな彼女）DAYS of DASH|（ガールス＆パンツァー）Dream Riser|1
（ガールス＆パンツァー）Dream Riser|（ソラノヲト）Girls be ambitious|1
（ソラノヲト）Girls be ambitious|（ストライクウィッチーズ）Bookmark A Head|1
（ストライクウィッチーズ）Bookmark A Head|（中二病でも恋がしたい）Sparkling Daydream|1
（中二病でも恋がしたい）Sparkling Daydream|（氷菓）優しさの理由|1
（氷菓）優しさの理由|（そふてにっ）つまさきだち|1
（そふてにっ）つまさきだち|（きんいろモザイク）Jumping!!|1
（きんいろモザイク）Jumping!!|（けんぷファー）あんりある♡パラダイス |1
（けんぷファー）あんりある♡パラダイス |（けんぷファー）ワンウェイ両想い|1
（けんぷファー）ワンウェイ両想い|end|1
start|（あの花）青い栞|1
（あの花）青い栞|（さくら荘のペットな彼女）君が夢を連れてきた|1
（さくら荘のペットな彼女）君が夢を連れてきた|（STARDRIVER）Shining Star|1
（STARDRIVER）Shining Star|（交響詩篇エウレカセブン）sakura|1
（交響詩篇エウレカセブン）sakura|（プリティーリズム・ディア マイ フューチャー）my Transform|1
（プリティーリズム・ディア マイ フューチャー）my Transform|（NARUTO）GO!!!|1
（NARUTO）GO!!!|（ボボボーボボーボボ）WILD CHALLENGER|1
（ボボボーボボーボボ）WILD CHALLENGER|（サイボーグ009）genesis of next|1
（サイボーグ009）genesis of next|（攻殻機動隊S.A.C 2nd GIG）rise|1
（攻殻機動隊S.A.C 2nd GIG）rise|（エヴァ）集結の園へ|1
（エヴァ）集結の園へ|（ロスト☆ユニバース）～infinity～∞|1
（ロスト☆ユニバース）～infinity～∞|（スレイヤーズNEXT）Give a reason|1
（スレイヤーズNEXT）Give a reason|（電脳冒険記ウェブダイバー）Diver#2100|1
（電脳冒険記ウェブダイバー）Diver#2100|（アクセルワールド）-Unfinished-|1
（アクセルワールド）-Unfinished-|（ボカロ）Tell your world|1
（ボカロ）Tell your world|（神のみぞ知るセカイ）A Whole New World God Only Knows|1
（神のみぞ知るセカイ）A Whole New World God Only Knows|（進撃の巨人）自由の翼|1
（進撃の巨人）自由の翼|（NHKにようこそ）パズル|1
（NHKにようこそ）パズル|（無人惑星サヴァイブ）Sunny Side Hill|1
（無人惑星サヴァイブ）Sunny Side Hill|（アリスSOS）S・O・S (ロングバージョン)|1
（アリスSOS）S・O・S (ロングバージョン)|（CCさくら）プラチナ|1
（CCさくら）プラチナ|（だぁ！だぁ！だぁ！）ハートのつばさ|1
（だぁ！だぁ！だぁ！）ハートのつばさ|（トップをねらえ！）アクティブ・ハート|1
（トップをねらえ！）アクティブ・ハート|（勇者王ガオガイガー）勇者王誕生!|1
（勇者王ガオガイガー）勇者王誕生!|（デジモンアドベンチャー２）ターゲット ～赤い衝撃～|1
（デジモンアドベンチャー２）ターゲット ～赤い衝撃～|（キン肉マンⅡ世）HUSTLE MUSCLE|1
（キン肉マンⅡ世）HUSTLE MUSCLE|（金色のガッシュベル）カサブタ|1
（金色のガッシュベル）カサブタ|end|1
start|（わたモテ）私がモテないのはどう考えてもお前らが悪い|1
（わたモテ）私がモテないのはどう考えてもお前らが悪い|（DEATH NOTE）絶望ビリー|1
（DEATH NOTE）絶望ビリー|（アニマル横町）飛んでもNothing ～どき☆どきアニマル横町のうたの巻～|1
（アニマル横町）飛んでもNothing ～どき☆どきアニマル横町のうたの巻～|（走れマキバオー）とってもウマナミ|1
（走れマキバオー）とってもウマナミ|（FFX-2）real Emotion|1
（FFX-2）real Emotion|（空中ブランコ）Shangri-La (Y.Sunahara 2009 Remodel)|1
（空中ブランコ）Shangri-La (Y.Sunahara 2009 Remodel)|（働きマン）シャングリラ|1
（働きマン）シャングリラ|（スペースダンディ）ビバナミダ|1
（スペースダンディ）ビバナミダ|（ジョジョ）BLOODY STREAM|1
（ジョジョ）BLOODY STREAM|（デジモンテイマーズ）The Biggest Dreamer|1
（デジモンテイマーズ）The Biggest Dreamer|（ポケモン）OK!|1
（ポケモン）OK!|（爆れつハンター）WHAT'S UP GUYS?|1
（爆れつハンター）WHAT'S UP GUYS?|（CCさくら）Catch You Catch Me|1
（CCさくら）Catch You Catch Me|（YAT安心!宇宙旅行）HEAVEN|1
（YAT安心!宇宙旅行）HEAVEN|（ふたつのスピカ）Venus Say・・・|1
（ふたつのスピカ）Venus Say・・・|（ストリートファイター2）恋しさと せつなさと 心強さと|1
（ストリートファイター2）恋しさと せつなさと 心強さと|（ナースエンジェルりりかSOS）恋をするたびに傷つきやすく・・・|1
（ナースエンジェルりりかSOS）恋をするたびに傷つきやすく・・・|（神無月の巫女）Re-sublimity|1
（神無月の巫女）Re-sublimity|（ガンダムX）Resolution|1
（ガンダムX）Resolution|（機動戦士ガンダムSEED）Realize|1
（機動戦士ガンダムSEED）Realize|（うえきの法則）Falco -ファルコ-|1
（うえきの法則）Falco -ファルコ-|（とある科学の超電磁砲）LEVEL5-judgelight-|1
（とある科学の超電磁砲）LEVEL5-judgelight-|（電脳冒険記ウェブダイバー）Diver#2100|1
（電脳冒険記ウェブダイバー）Diver#2100|（超ロボット生命体 トランスフォーマー）Transformers ～鋼鉄の勇気～|1
（超ロボット生命体 トランスフォーマー）Transformers ～鋼鉄の勇気～|（忍たま）0点チャンピオン|1
（忍たま）0点チャンピオン|（刀語）言ノ葉|1
（刀語）言ノ葉|（戦国乙女パラドックス）陽炎|1
（戦国乙女パラドックス）陽炎|（サクラ大戦）檄!帝国華撃団|1
（サクラ大戦）檄!帝国華撃団|（ボカロ）千本桜|1
（ボカロ）千本桜|（機巧少女は傷つかない）回レ！雪月花|1
（機巧少女は傷つかない）回レ！雪月花|end|1
start|（言の葉の庭）Rain|1
（言の葉の庭）Rain|（囮物語）もうそう♥えくすぷれす|1
（囮物語）もうそう♥えくすぷれす|（極黒のブリュンヒルデ）BRYNHILDR IN THE DARKNESS -Ver.EJECTED-|1
（極黒のブリュンヒルデ）BRYNHILDR IN THE DARKNESS -Ver.EJECTED-|（シドニアの騎士）シドニア|1
（シドニアの騎士）シドニア|（エヴァ）集結の園へ|1
（エヴァ）集結の園へ|（Black Lagoon）Red fraction|1
（Black Lagoon）Red fraction|（電波女と青春男）Os-宇宙人|1
（電波女と青春男）Os-宇宙人|（さくら荘のペットな彼女）君が夢を連れてきた|1
（さくら荘のペットな彼女）君が夢を連れてきた|（僕らはみんな河合荘）My Sweet Shelter|1
（僕らはみんな河合荘）My Sweet Shelter|（七人のナナ）Success, success|1
（七人のナナ）Success, success|（スペースダンディ）ビバナミダ (TV Size)|1
（スペースダンディ）ビバナミダ (TV Size)|（ベルゼバブ）少女トラベラー|1
（ベルゼバブ）少女トラベラー|（BLUESEED）CARNIVAL・BABEL|1
（BLUESEED）CARNIVAL・BABEL|（IDOLM@STER）乙女よ大志を抱け!! |1
（IDOLM@STER）乙女よ大志を抱け!! |（サクラ大戦）檄!帝国華撃団|1
（サクラ大戦）檄!帝国華撃団|（じょしらく）ニッポン笑顔百景|1
（じょしらく）ニッポン笑顔百景|（デジモンアドベンチャー２）ターゲット ～赤い衝撃～|1
（デジモンアドベンチャー２）ターゲット ～赤い衝撃～|（ジョジョ）STAND PROUD|1
（ジョジョ）STAND PROUD|（まおゆう魔王勇者）向かい風|1
（まおゆう魔王勇者）向かい風|（こどものおもちゃ）ウルトラ リラックス|1
（こどものおもちゃ）ウルトラ リラックス|（走れマキバオー）走れマキバオー |1
（走れマキバオー）走れマキバオー |（バカとテストと召喚獣 ）バカ・ゴー・ホーム|1
（バカとテストと召喚獣 ）バカ・ゴー・ホーム|（じょしらく）ニッポン笑顔百景|1
（じょしらく）ニッポン笑顔百景|（ボカロ）千本桜|1
（ボカロ）千本桜|（機巧少女は傷つかない）回レ！雪月花|1
（機巧少女は傷つかない）回レ！雪月花|（うる星やつら）ラムのラブソング|1
（うる星やつら）ラムのラブソング|（ピンポン）唯一人|1
（ピンポン）唯一人|（銀魂）桃源郷エイリアン|1
（銀魂）桃源郷エイリアン|（ログホライズン）database feat.TAKUMA（10-FEET）|1
（ログホライズン）database feat.TAKUMA（10-FEET）|（俗・さよなら絶望先生）空想ルンバ|1
（俗・さよなら絶望先生）空想ルンバ|（キルラキル）ambiguous|1
（キルラキル）ambiguous|（バジリスク 甲賀忍法帖）甲賀忍法帖|1
（バジリスク 甲賀忍法帖）甲賀忍法帖|（刀語）拍手喝采歌合|1
（刀語）拍手喝采歌合|end|1
start|（アルプスの少女ハイジ）おしえて|1
（アルプスの少女ハイジ）おしえて|（忍者ハットリくん）忍者ハットリくん|1
（忍者ハットリくん）忍者ハットリくん|（NARUTO）GO!!!|1
（NARUTO）GO!!!|（銀魂）ウォーアイニー|1
（銀魂）ウォーアイニー|（恋物語 ）木枯しセンティメント -戦場ヶ原ひたぎ&貝木泥舟 ver.-|1
（恋物語 ）木枯しセンティメント -戦場ヶ原ひたぎ&貝木泥舟 ver.-|（ストリートファイター2）恋しさと せつなさと 心強さと|1
（ストリートファイター2）恋しさと せつなさと 心強さと|（エヴァ）心よ原始に戻れ|1
（エヴァ）心よ原始に戻れ|（はじめ人間ギャートルズ）はじめ人間ギャートルズ|1
（はじめ人間ギャートルズ）はじめ人間ギャートルズ|（南国少年パプワくん）んばば・ラブソング|1
（南国少年パプワくん）んばば・ラブソング|（ジャングルはいつもハレのちグゥ）Love☆トロピカ～ナ|1
（ジャングルはいつもハレのちグゥ）Love☆トロピカ～ナ|（暴れん坊力士！！松太郎）ドスコイ人生|1
（暴れん坊力士！！松太郎）ドスコイ人生|（プリティーリズム）パンピナッ!|1
（プリティーリズム）パンピナッ!|（ベルゼバブ）少女トラベラー|1
（ベルゼバブ）少女トラベラー|（ゴールデンタイム）Golden Time|1
（ゴールデンタイム）Golden Time|（まりあ†ほりっく あらいぶ）どうにもとまらない|1
（まりあ†ほりっく あらいぶ）どうにもとまらない|（ルパン三世）ルパン三世のテーマ|1
（ルパン三世）ルパン三世のテーマ|（ママレードボーイ）笑顔に会いたい|1
（ママレードボーイ）笑顔に会いたい|（それゆけ!宇宙戦艦ヤマモト・ヨーコ）天使の休息|1
（それゆけ!宇宙戦艦ヤマモト・ヨーコ）天使の休息|（かんなぎ）motto☆派手にね!|1
（かんなぎ）motto☆派手にね!|（Wake Up, Girls!）タチアガレ！|1
（Wake Up, Girls!）タチアガレ！|（DOGDAYS）PRESENTER|1
（DOGDAYS）PRESENTER|（境界線上のホライズン）Terminated|1
（境界線上のホライズン）Terminated|（喰霊）Paradise Lost -at next nest-|1
（喰霊）Paradise Lost -at next nest-|（鋼の錬金術師）メリッサ|1
（鋼の錬金術師）メリッサ|（BECK）HIT IN THE USA|1
（BECK）HIT IN THE USA|（CCさくら）プラチナ|1
（CCさくら）プラチナ|（D.C.Ⅲ）サクラハッピーイノベーション|1
（D.C.Ⅲ）サクラハッピーイノベーション|（ロウきゅーぶSS）Rolling! Roling!|1
（ロウきゅーぶSS）Rolling! Roling!|（恋愛ラボ）恋愛したいっ！|1
（恋愛ラボ）恋愛したいっ！|（ラブひな）サクラサク|1
（ラブひな）サクラサク|（げんしけん二代目）げんし、女子は、たいようだった。|1
（げんしけん二代目）げんし、女子は、たいようだった。|（日常）ヒャダインのカカカタカタオモイ-C|1
（日常）ヒャダインのカカカタカタオモイ-C|（パーマン）きてよパーマン|1
（パーマン）きてよパーマン|（妖怪人間ベム）妖怪人間ベム|1
（妖怪人間ベム）妖怪人間ベム|（東京喰種-トキョーグール-）unravel|1
（東京喰種-トキョーグール-）unravel|end|1
start|（キン肉マン）炎のキン肉マン|1
（キン肉マン）炎のキン肉マン|（クレヨンしんちゃん）オラはにんきもの|1
（クレヨンしんちゃん）オラはにんきもの|（鋼鉄ジーグ）鋼鉄ジーグのうた|1
（鋼鉄ジーグ）鋼鉄ジーグのうた|（グレートマジンガー）おれはグレートマジンガー|1
（グレートマジンガー）おれはグレートマジンガー|（地球防衛企業ダイガード）路地裏の宇宙少年  ~アルバムミックス|1
（地球防衛企業ダイガード）路地裏の宇宙少年  ~アルバムミックス|（健全ロボ ダイミダラー）健全ロボ ダイミダラー|1
（健全ロボ ダイミダラー）健全ロボ ダイミダラー|（武装練金）真赤な誓い|1
（武装練金）真赤な誓い|（サムライフラメンコ）愛愛愛に撃たれてバイバイバイ|1
（サムライフラメンコ）愛愛愛に撃たれてバイバイバイ|（メダロット）知恵と勇気だ! メダロット|1
（メダロット）知恵と勇気だ! メダロット|（アニマル横町）飛んでもNothing ～どき☆どきアニマル横町のうたの巻～|1
（アニマル横町）飛んでもNothing ～どき☆どきアニマル横町のうたの巻～|（有頂天家族）有頂天人生 (TV Size)|1
（有頂天家族）有頂天人生 (TV Size)|（平成たぬき合戦ぽんぽこ）いつでも誰かが|1
（平成たぬき合戦ぽんぽこ）いつでも誰かが|（こち亀）葛飾ラプソディー|1
（こち亀）葛飾ラプソディー|（ドラえもん のび太の宇宙小戦争）少年期|1
（ドラえもん のび太の宇宙小戦争）少年期|（ドラえもん）ぼくドラえもん|1
（ドラえもん）ぼくドラえもん|（ハッチポッチ）ハッチポッチファミリー ＜フルサイズ＞|1
（ハッチポッチ）ハッチポッチファミリー ＜フルサイズ＞|（アベノ橋魔法☆商店街）Treat or Goblins|1
（アベノ橋魔法☆商店街）Treat or Goblins|（変ゼミ）変・リン・シャン ～変だよ。リンスーの後にシャンプーて～|1
（変ゼミ）変・リン・シャン ～変だよ。リンスーの後にシャンプーて～|（超訳百人一首 うた恋い。）Singin' My Lu|1
（超訳百人一首 うた恋い。）Singin' My Lu|（恋物語 ）木枯しセンティメント -戦場ヶ原ひたぎ&貝木泥舟 ver.-|1
（恋物語 ）木枯しセンティメント -戦場ヶ原ひたぎ&貝木泥舟 ver.-|（プリティーリズム）パンピナッ!|1
（プリティーリズム）パンピナッ!|（彼女がフラグをおられたら）クピドゥレビュー|1
（彼女がフラグをおられたら）クピドゥレビュー|（それでも町は廻っている）Down Town|1
（それでも町は廻っている）Down Town|（ちびまる子ちゃん）ハミングがきこえる|1
（ちびまる子ちゃん）ハミングがきこえる|（Paradise Kiss）Do You Want To|1
（Paradise Kiss）Do You Want To|（となりのトトロ）となりのトトロ|1
（となりのトトロ）となりのトトロ|（ふしぎの海のナディア）ブルーウォーター|1
（ふしぎの海のナディア）ブルーウォーター|（BLUESEED）CARNIVAL・BABEL|1
（BLUESEED）CARNIVAL・BABEL|（天地無用）天地無用！|1
（天地無用）天地無用！|（デジモンテイマーズ）The Biggest Dreamer|1
（デジモンテイマーズ）The Biggest Dreamer|（電脳冒険記ウェブダイバー）Diver#2100|1
（電脳冒険記ウェブダイバー）Diver#2100|（攻殻機動隊S.A.C 2nd GIG）rise|1
（攻殻機動隊S.A.C 2nd GIG）rise|（残響のテロル）誰か、海を。|1
（残響のテロル）誰か、海を。|（残響のテロル）Trigger|1
（残響のテロル）Trigger|（人類は衰退しました）ユメのなかノわたしのユメ|1
（人類は衰退しました）ユメのなかノわたしのユメ|（まおゆう魔王勇者）向かい風|1
（まおゆう魔王勇者）向かい風|（ソラノヲト）Girls be ambitious|1
（ソラノヲト）Girls be ambitious|end|1
start|（アイドルマスターシンデレラガールズ）お願い！シンデレラ (M＠STER VERSION)|1
（アイドルマスターシンデレラガールズ）お願い！シンデレラ (M＠STER VERSION)|（IDOLM@STER）キラメキラリ|1
（IDOLM@STER）キラメキラリ|（東京喰種-トキョーグール-）聖者たち|1
（東京喰種-トキョーグール-）聖者たち|（NARUTO疾風伝）Hero's Come Back!!|1
（NARUTO疾風伝）Hero's Come Back!!|（アベノ橋魔法☆商店街）Treat or Goblins|1
（アベノ橋魔法☆商店街）Treat or Goblins|（キディ・グレイド）未来の記憶|1
（キディ・グレイド）未来の記憶|（FFX-2）real Emotion|1
（FFX-2）real Emotion|（ふたつのスピカ）Venus Say・・・|1
（ふたつのスピカ）Venus Say・・・|（暴れん坊力士！！松太郎）ドスコイ人生|1
（暴れん坊力士！！松太郎）ドスコイ人生|（YAWARA！）ミラクル・ガール|1
（YAWARA！）ミラクル・ガール|（ロボットパルタ）いつもともだちさ|1
（ロボットパルタ）いつもともだちさ|（ミスモノクローム）ポーカーフェイス|1
（ミスモノクローム）ポーカーフェイス|（ヤマノススメ セカンドシーズン）夏色プレゼント|1
（ヤマノススメ セカンドシーズン）夏色プレゼント|（涼宮ハルヒの憂鬱）雪、無音、窓辺にて。|1
（涼宮ハルヒの憂鬱）雪、無音、窓辺にて。|（NO.6）Spell|1
（NO.6）Spell|（君のいる街）センチメンタルラブ|1
（君のいる街）センチメンタルラブ|（ちびまる子ちゃん）おどるポンポコリン|1
（ちびまる子ちゃん）おどるポンポコリン|（サクラ大戦）檄!帝国華撃団|1
（サクラ大戦）檄!帝国華撃団|（エヴァ）集結の園へ|1
（エヴァ）集結の園へ|（金田一少年の事件簿R）BRAND NEW STORY|1
（金田一少年の事件簿R）BRAND NEW STORY|（キン肉マンⅡ世）愛のマッスル|1
（キン肉マンⅡ世）愛のマッスル|（戦国乙女パラドックス）陽炎|1
（戦国乙女パラドックス）陽炎|（戦国魔神ゴーショーグン）ゴーショーグン発進せよ|1
（戦国魔神ゴーショーグン）ゴーショーグン発進せよ|（飛べ！イサミ）ハートを磨くっきゃない|1
（飛べ！イサミ）ハートを磨くっきゃない|（ツヨシしっかりしなさい）LOVE YOU ONLY|1
（ツヨシしっかりしなさい）LOVE YOU ONLY|（亡念のザムド）SHUT UP AND EXPLODE|1
（亡念のザムド）SHUT UP AND EXPLODE|（攻殻機動隊S.A.C 2nd GIG）rise|1
（攻殻機動隊S.A.C 2nd GIG）rise|（ラーゼフォン）ヘミソフィア|1
（ラーゼフォン）ヘミソフィア|（ナイトメアビフォアクリスマス）ハロウィーン・タウンへようこそ|1
（ナイトメアビフォアクリスマス）ハロウィーン・タウンへようこそ|（アイカツ）硝子ドール|1
（アイカツ）硝子ドール|（トータル・イクリプス）Go to the top|1
（トータル・イクリプス）Go to the top|（BLOOD-C）純潔パラドックス|1
（BLOOD-C）純潔パラドックス|（七つの大罪）熱情のスペクトラム|1
（七つの大罪）熱情のスペクトラム|（鋼の錬金術師）瞬間センチメンタル|1
（鋼の錬金術師）瞬間センチメンタル|（IDOLM＠STER）エージェント夜を往く|1
（IDOLM＠STER）エージェント夜を往く|（IDOL M@STER）Ready!!|1
（IDOL M@STER）Ready!!|end|1
start|（時をかける少女）夏空 ～オープニングテーマ～|1
（時をかける少女）夏空 ～オープニングテーマ～|（言の葉の庭）Rain|1
（言の葉の庭）Rain|（gdgd妖精s）きっとまた会える|1
（gdgd妖精s）きっとまた会える|（輪廻のラグランジェ2）ジャージ部魂|1
（輪廻のラグランジェ2）ジャージ部魂|（ドンキーコング）明日になったら…|1
（ドンキーコング）明日になったら…|（ビーストウォース超生命体トランスフォーマー゙）War War! Stop It|1
（ビーストウォース超生命体トランスフォーマー゙）War War! Stop It|（ハッチポッチ）ハッチポッチファミリー ＜フルサイズ＞|1
（ハッチポッチ）ハッチポッチファミリー ＜フルサイズ＞|（アイ！マイ！まいん）キッチンはマイステージ|1
（アイ！マイ！まいん）キッチンはマイステージ|（まもって守護月天！）さぁ|1
（まもって守護月天！）さぁ|（ポケモン）めざせポケモンマスター|1
（ポケモン）めざせポケモンマスター|（しまじろう）ハッピー・ジャムジャム|1
（しまじろう）ハッピー・ジャムジャム|（CCさくら）Catch You Catch Me|1
（CCさくら）Catch You Catch Me|（ふしぎの海のナディア）ブルーウォーター|1
（ふしぎの海のナディア）ブルーウォーター|（ちびまる子ちゃん）ゆめいっぱい|1
（ちびまる子ちゃん）ゆめいっぱい|（おじゃる丸）プリン賛歌|1
（おじゃる丸）プリン賛歌|（忍たま）勇気100%|1
（忍たま）勇気100%|（美少女戦士セーラームーンR）乙女のポリシー|1
（美少女戦士セーラームーンR）乙女のポリシー|（サクラ大戦）檄!帝国華撃団|1
（サクラ大戦）檄!帝国華撃団|（大正野球娘）浪漫ちっくストライク。|1
（大正野球娘）浪漫ちっくストライク。|（リトルバスターズ）Alicemagic|1
（リトルバスターズ）Alicemagic|（翠星のガルガンティア）この世界は僕らを待っていた|1
（翠星のガルガンティア）この世界は僕らを待っていた|（ビビッドレッドオペレーション）Energy|1
（ビビッドレッドオペレーション）Energy|（ストライクウィッチーズ2）STRIKE WITCHES 2 ~笑顔の魔法~|1
（ストライクウィッチーズ2）STRIKE WITCHES 2 ~笑顔の魔法~|（変態王子と笑わない猫）Baby Sweet Berry Love|1
（変態王子と笑わない猫）Baby Sweet Berry Love|（ラブライブ）夏色えがおで1、2、Jump！|1
（ラブライブ）夏色えがおで1、2、Jump！|end|1
start|（真ゲッターロボVSネオゲッターロボ）STORM|1
（真ゲッターロボVSネオゲッターロボ）STORM|（機動戦士ZZガンダム）サイレント・ヴォイス|1
（機動戦士ZZガンダム）サイレント・ヴォイス|（機動戦士ガンダムSEED）Realize|1
（機動戦士ガンダムSEED）Realize|（ガンパレードオーケストラ）Faze to love|1
（ガンパレードオーケストラ）Faze to love|（エヴァ）集結の園へ|1
（エヴァ）集結の園へ|（鉄のラインバレル）鬼帝の剣|1
（鉄のラインバレル）鬼帝の剣|（ジョジョ）BLOODY STREAM|1
（ジョジョ）BLOODY STREAM|（デジモンテイマーズ）The Biggest Dreamer|1
（デジモンテイマーズ）The Biggest Dreamer|（電脳冒険記ウェブダイバー）Diver#2100|1
（電脳冒険記ウェブダイバー）Diver#2100|（超ロボット生命体 トランスフォーマー）Transformers ～鋼鉄の勇気～|1
（超ロボット生命体 トランスフォーマー）Transformers ～鋼鉄の勇気～|（NARUTO）GO!!!|1
（NARUTO）GO!!!|（シャーマンキング）Northern lights|1
（シャーマンキング）Northern lights|（シャーマンキング）Over Soul|1
（シャーマンキング）Over Soul|（聖戦士ダンバイン）ダンバイン とぶ|1
（聖戦士ダンバイン）ダンバイン とぶ|（戦闘メカザブングル）疾風ザブングル|1
（戦闘メカザブングル）疾風ザブングル|（ガッチャマン）ガッチャマンの歌|1
（ガッチャマン）ガッチャマンの歌|（ガッチャマンクラウズ）Gotchaman~In the name of Love|1
（ガッチャマンクラウズ）Gotchaman~In the name of Love|（とある科学の超電磁砲S）sister's noise|1
（とある科学の超電磁砲S）sister's noise|（アクセルワールド）Burst the Gravity|1
（アクセルワールド）Burst the Gravity|（セイクリッドセブン）Stone Cold|1
（セイクリッドセブン）Stone Cold|（スクライド）Reckless fire|1
（スクライド）Reckless fire|（ジョジョ）ジョジョ〜その血の運命〜|1
（ジョジョ）ジョジョ〜その血の運命〜|（戦国乙女パラドックス）陽炎|1
（戦国乙女パラドックス）陽炎|（超重神グラヴィオンツヴァイ）紅ノ牙|1
（超重神グラヴィオンツヴァイ）紅ノ牙|（マクロスF）インフィニティ #7|1
（マクロスF）インフィニティ #7|（マクロス7）DYNAMITE EXPLOSION|1
（マクロス7）DYNAMITE EXPLOSION|（マクロス7）突撃ラブハート|1
（マクロス7）突撃ラブハート|（マクロスFB7）娘々FIRE! ~突撃プラネットエクスプロージョン|1
（マクロスFB7）娘々FIRE! ~突撃プラネットエクスプロージョン|（ログホライズン）database feat.TAKUMA（10-FEET）|1
（ログホライズン）database feat.TAKUMA（10-FEET）|（キルラキル）ambiguous|1
（キルラキル）ambiguous|（バジリスク 甲賀忍法帖）甲賀忍法帖|1
（バジリスク 甲賀忍法帖）甲賀忍法帖|end|1
start|（WORKING'!!）いつものようにLOVE＆PEACE！！|1
（WORKING'!!）いつものようにLOVE＆PEACE！！|（IDOLM@STER）M@STERPIECE|1
（IDOLM@STER）M@STERPIECE|（銀魂）ウォーアイニー|1
（銀魂）ウォーアイニー|（DARKERTHANBLACK-流星の雙子-）ツキアカリのミチシルベ|1
（DARKERTHANBLACK-流星の雙子-）ツキアカリのミチシルベ|（エレメントハンター）First Pain|1
（エレメントハンター）First Pain|（屍鬼）カレンデュラレクイエム|1
（屍鬼）カレンデュラレクイエム|（ローゼンメイデン）聖少女領域|1
（ローゼンメイデン）聖少女領域|（革命機ヴァルヴレイヴ）僕じゃない|1
（革命機ヴァルヴレイヴ）僕じゃない|（これはゾンビですか？オブザデッド）パショナート|1
（これはゾンビですか？オブザデッド）パショナート|（アクセルワールド）-Unfinished-|1
（アクセルワールド）-Unfinished-|（ef - a tale of memories）euphoric field|1
（ef - a tale of memories）euphoric field|（キルラキル）ごめんねいいコじゃいられない|1
（キルラキル）ごめんねいいコじゃいられない|（彼氏彼女の事情）夢の中へ |1
（彼氏彼女の事情）夢の中へ |（VS騎士ラムネ&40炎）未来形アイドル|1
（VS騎士ラムネ&40炎）未来形アイドル|（IDOLM＠STER）THE IDOLM@STER|1
（IDOLM＠STER）THE IDOLM@STER|（ラブライブ！）きっと青春が聞こえる |1
（ラブライブ！）きっと青春が聞こえる |（ネギま！？）ハッピーマテリアル|1
（ネギま！？）ハッピーマテリアル|（ガールス＆パンツァー）Dream Riser|1
（ガールス＆パンツァー）Dream Riser|（物語シリーズ）その声を覚えてる|1
（物語シリーズ）その声を覚えてる|（デート・ア・ライブ）デート・ア・ライブ|1
（デート・ア・ライブ）デート・ア・ライブ|（キルラキル）ambiguous|1
（キルラキル）ambiguous|（ソードアートオンライン）Crossing Field|1
（ソードアートオンライン）Crossing Field|（地球防衛企業ダイガード）路地裏の宇宙少年  ~アルバムミックス|1
（地球防衛企業ダイガード）路地裏の宇宙少年  ~アルバムミックス|end|1
start|（勇者王ガオガイガー）勇者王誕生!|1
（勇者王ガオガイガー）勇者王誕生!|（マクロス7）DYNAMITE EXPLOSION|1
（マクロス7）DYNAMITE EXPLOSION|（キン肉マンⅡ世）HUSTLE MUSCLE|1
（キン肉マンⅡ世）HUSTLE MUSCLE|（爆走兄弟レッツ & ゴー!!）GET THE WORLD|1
（爆走兄弟レッツ & ゴー!!）GET THE WORLD|（メダロット）知恵と勇気だ! メダロット|1
（メダロット）知恵と勇気だ! メダロット|（GANTZ）Super Shooter|1
（GANTZ）Super Shooter|（海月姫）きみのキレイに気づいておくれ|1
（海月姫）きみのキレイに気づいておくれ|（銀の匙）LIFE|1
（銀の匙）LIFE|（おとめ妖怪ざくろ）純情マスカレイド|1
（おとめ妖怪ざくろ）純情マスカレイド|（WORKING'!!）COOLISH WALK|1
（WORKING'!!）COOLISH WALK|（妖怪ウォッチ）ゲラゲラポーのうた|1
（妖怪ウォッチ）ゲラゲラポーのうた|（朝霧の巫女）KOIBUMI|1
（朝霧の巫女）KOIBUMI|（幽遊白書）アンバランスなKissをして|1
（幽遊白書）アンバランスなKissをして|（FFX-2）real Emotion|1
（FFX-2）real Emotion|（ダンガンロンパ）Never Say Never|1
（ダンガンロンパ）Never Say Never|（フラクタル）ハリネズミ|1
（フラクタル）ハリネズミ|（忍たま）四方八方肘鉄砲(Splash Version)|1
（忍たま）四方八方肘鉄砲(Splash Version)|（R.O.D）R.O.D.のテーマ -long version-|1
（R.O.D）R.O.D.のテーマ -long version-|（名探偵コナン）名探偵 コナン メイン・テーマ (摩天楼ヴァージョン)|1
（名探偵コナン）名探偵 コナン メイン・テーマ (摩天楼ヴァージョン)|（名探偵コナン）恋はスリル、ショック、サスペンス|1
（名探偵コナン）恋はスリル、ショック、サスペンス|（イナズマイレブン）流星ボーイ|1
（イナズマイレブン）流星ボーイ|（ニセコイ）CLICK|1
（ニセコイ）CLICK|（げんしけん 二代目）アオくユレている|1
（げんしけん 二代目）アオくユレている|（ふしぎの海のナディア）ブルーウォーター|1
（ふしぎの海のナディア）ブルーウォーター|（蒼き鋼のアルペジオ）ブルー・フィールド|1
（蒼き鋼のアルペジオ）ブルー・フィールド|（アイカツ）KIRAPower|1
（アイカツ）KIRAPower|（ラブライブ）もぎゅっと“love”で接近中！|1
（ラブライブ）もぎゅっと“love”で接近中！|（わたモテ）どう考えても私は悪くない|1
（わたモテ）どう考えても私は悪くない|（おジャ魔女どれみ）おジャ魔女カーニバル!!|1
（おジャ魔女どれみ）おジャ魔女カーニバル!!|（ウルトラマン ティガ）Take Me Higher|1
（ウルトラマン ティガ）Take Me Higher|（魔法科高校の劣等生）Rising Hope|1
（魔法科高校の劣等生）Rising Hope|（機巧少女は傷つかない）回レ！雪月花|1
（機巧少女は傷つかない）回レ！雪月花|（一休さん）とんちんかんちん一休さん|1
（一休さん）とんちんかんちん一休さん|（ちびまる子ちゃん）じゃがバタコーンさん|1
（ちびまる子ちゃん）じゃがバタコーンさん|（クレヨンしんちゃん）オラはにんきもの|1
（クレヨンしんちゃん）オラはにんきもの|（鋼鉄ジーグ）鋼鉄ジーグのうた|1
（鋼鉄ジーグ）鋼鉄ジーグのうた|（グレートマジンガー）おれはグレートマジンガー|1
（グレートマジンガー）おれはグレートマジンガー|（マジンガーZ）マジンガーZ|1
（マジンガーZ）マジンガーZ|（ロボットガールズZ）ロボットガールズZ|1
（ロボットガールズZ）ロボットガールズZ|end|1
start|（ライオンキング）サークル・オブ・ライフ|1
（ライオンキング）サークル・オブ・ライフ|（アンパンマン）アンパンマンのマーチ|1
（アンパンマン）アンパンマンのマーチ|（ママはぽよぽよザウルスがお好き）Beeper Love ～Saurus Version～|1
（ママはぽよぽよザウルスがお好き）Beeper Love ～Saurus Version～|（とっとこハム太郎）てをつなごう|1
（とっとこハム太郎）てをつなごう|（ドンキーコング）明日になったら…|1
（ドンキーコング）明日になったら…|（ハッチポッチ）ハッチポッチファミリー ＜フルサイズ＞|1
（ハッチポッチ）ハッチポッチファミリー ＜フルサイズ＞|（ビーストウォース超生命体トランスフォーマー゙）War War! Stop It|1
（ビーストウォース超生命体トランスフォーマー゙）War War! Stop It|（極黒のブリュンヒルデ）BRYNHILDR IN THE DARKNESS -Ver.EJECTED-|1
（極黒のブリュンヒルデ）BRYNHILDR IN THE DARKNESS -Ver.EJECTED-|（シドニアの騎士）シドニア|1
（シドニアの騎士）シドニア|（機動戦士ガンダムSEED）Believe|1
（機動戦士ガンダムSEED）Believe|（とある科学の超電磁砲S）sister's noise|1
（とある科学の超電磁砲S）sister's noise|（アクセルワールド）Burst the Gravity|1
（アクセルワールド）Burst the Gravity|（セイクリッドセブン）Stone Cold|1
（セイクリッドセブン）Stone Cold|（スクライド）Reckless fire|1
（スクライド）Reckless fire|（ジョジョ）ジョジョ〜その血の運命〜|1
（ジョジョ）ジョジョ〜その血の運命〜|（サクラ大戦）檄!帝国華撃団|1
（サクラ大戦）檄!帝国華撃団|（忍たま）勇気100%|1
（忍たま）勇気100%|（団地ともお）団地でDAN! RAN!|1
（団地ともお）団地でDAN! RAN!|（キルラキル）新世界交響楽|1
（キルラキル）新世界交響楽|（ボカロ）いーあるふぁんくらぶ|1
（ボカロ）いーあるふぁんくらぶ|（サーバント×サービス）めいあいへるぷゆー？|1
（サーバント×サービス）めいあいへるぷゆー？|（トリコ）Lovely Fruit|1
（トリコ）Lovely Fruit|（ガールス＆パンツァー）Enter Enter MISSION!|1
（ガールス＆パンツァー）Enter Enter MISSION!|（遊戯王GX）限界バトル|1
（遊戯王GX）限界バトル|（マクロスF）インフィニティ #7|1
（マクロスF）インフィニティ #7|（マクロス7）DYNAMITE EXPLOSION|1
（マクロス7）DYNAMITE EXPLOSION|（聖闘士星矢 ）ペガサス幻想 -PEGASUS FANTASY-|1
（聖闘士星矢 ）ペガサス幻想 -PEGASUS FANTASY-|（Aチャンネル）Morning Arch|1
（Aチャンネル）Morning Arch|（アイドルマスターシンデレラガールズ）お願い！シンデレラ (M＠STER VERSION)|1
（アイドルマスターシンデレラガールズ）お願い！シンデレラ (M＠STER VERSION)|（IDOLM@STER）自分REST@RT (M@STER VERSION)|1
（IDOLM@STER）自分REST@RT (M@STER VERSION)|（ラブライブ）それは僕たちの奇跡|1
（ラブライブ）それは僕たちの奇跡|end|1
start|（おかあさんといっしょ）パジャマでおじゃま|1
（おかあさんといっしょ）パジャマでおじゃま|（おかあさんといっしょ）あ・い・うー (指導入り)　体操|1
（おかあさんといっしょ）あ・い・うー (指導入り)　体操|（ハッチポッチ）ハッチポッチファミリー ＜フルサイズ＞|1
（ハッチポッチ）ハッチポッチファミリー ＜フルサイズ＞|（ペルソナ4）Pursuing My True Self|1
（ペルソナ4）Pursuing My True Self|（妖怪ウォッチ）ゲラゲラポーのうた|1
（妖怪ウォッチ）ゲラゲラポーのうた|（しまじろう）ハッピー・ジャムジャム|1
（しまじろう）ハッピー・ジャムジャム|（ポケモン）めざせポケモンマスター|1
（ポケモン）めざせポケモンマスター|（パラッパラッパー） LOVE TOGETHER |1
（パラッパラッパー） LOVE TOGETHER |（スイートプリキュア）ワンダフル↑パワフル↑ミュージック！|1
（スイートプリキュア）ワンダフル↑パワフル↑ミュージック！|（スペースダンディ）ビバナミダ|1
（スペースダンディ）ビバナミダ|（アイカツ）オリジナルスター彡|1
（アイカツ）オリジナルスター彡|（ちびまる子ちゃん）おどるポンポコリン|1
（ちびまる子ちゃん）おどるポンポコリン|（忍たま）勇気100%|1
（忍たま）勇気100%|（団地ともお）団地でDAN! RAN!|1
（団地ともお）団地でDAN! RAN!|（美少女戦士セーラームーンR）乙女のポリシー|1
（美少女戦士セーラームーンR）乙女のポリシー|（一週間フレンズ。）奏（かなで）|1
（一週間フレンズ。）奏（かなで）|（初音ミク）Tell Your World|1
（初音ミク）Tell Your World|（プリティーリズムレインボードリーム）Ez Do Dance|1
（プリティーリズムレインボードリーム）Ez Do Dance|（ウルトラマン ティガ）Take Me Higher|1
（ウルトラマン ティガ）Take Me Higher|（DARKER THAN BLACK）覚醒ヒロイズム ～THE HERO WITHOUT A“NAME”～|1
（DARKER THAN BLACK）覚醒ヒロイズム ～THE HERO WITHOUT A“NAME”～|（マクロスF）射手座☆午後九時Don't be late|1
（マクロスF）射手座☆午後九時Don't be late|（ONEPIECE）ウィーアー!|1
（ONEPIECE）ウィーアー!|（アリスSOS）S・O・S (ロングバージョン)|1
（アリスSOS）S・O・S (ロングバージョン)|（CCさくら）プラチナ|1
（CCさくら）プラチナ|（魔法少女まどかマギカ）コネクト|1
（魔法少女まどかマギカ）コネクト|（IDOLM@STER）自分REST@RT (M@STER VERSION)|1
（IDOLM@STER）自分REST@RT (M@STER VERSION)|end|1
start|（けいおん!!）ごはんはおかず|1
（けいおん!!）ごはんはおかず|（Wake Up, Girls!）7 Girls War|1
（Wake Up, Girls!）7 Girls War|（IDOL M@STER）Ready!!|1
（IDOL M@STER）Ready!!|（ラブライブ）それは僕たちの奇跡|1
（ラブライブ）それは僕たちの奇跡|（エヴァ）魂のルフラン|1
（エヴァ）魂のルフラン|（ガッチャマンクラウズ）Gotchaman~In the name of Love|1
（ガッチャマンクラウズ）Gotchaman~In the name of Love|（薄桜鬼 ）十六夜涙|1
（薄桜鬼 ）十六夜涙|（機動戦士ガンダム第08MS小隊）嵐の中で輝いて|1
（機動戦士ガンダム第08MS小隊）嵐の中で輝いて|（ガンダムW）JUST COMMUNICATION|1
（ガンダムW）JUST COMMUNICATION|（シティハンター）Get Wild|1
（シティハンター）Get Wild|（ストリートファイター2）恋しさと せつなさと 心強さと|1
（ストリートファイター2）恋しさと せつなさと 心強さと|（名探偵コナン）名探偵 コナン メイン・テーマ (摩天楼ヴァージョン)|1
（名探偵コナン）名探偵 コナン メイン・テーマ (摩天楼ヴァージョン)|（名探偵コナン）恋はスリル、ショック、サスペンス|1
（名探偵コナン）恋はスリル、ショック、サスペンス|（セイバーマリオネットJ）Successful Mission|1
（セイバーマリオネットJ）Successful Mission|（スレイヤーズNEXT）Give a reason|1
（スレイヤーズNEXT）Give a reason|（とある科学の超電磁砲）LEVEL5-judgelight-|1
（とある科学の超電磁砲）LEVEL5-judgelight-|（BLUESEED）CARNIVAL・BABEL|1
（BLUESEED）CARNIVAL・BABEL|（まりあ†ほりっく あらいぶ）どうにもとまらない|1
（まりあ†ほりっく あらいぶ）どうにもとまらない|（おジャ魔女どれみ）おジャ魔女カーニバル!!|1
（おジャ魔女どれみ）おジャ魔女カーニバル!!|（たこやきマントマン）たこやきマントマン主題歌|1
（たこやきマントマン）たこやきマントマン主題歌|（キン肉マン）キン肉マン Go Fight!|1
（キン肉マン）キン肉マン Go Fight!|end|1
start|（ハイスクール奇面組）うしろゆびさされ組|1
（ハイスクール奇面組）うしろゆびさされ組|（キルラキル）ごめんねいいコじゃいられない|1
（キルラキル）ごめんねいいコじゃいられない|（アイカツ）ヒラリ / ヒトリ / キラリ|1
（アイカツ）ヒラリ / ヒトリ / キラリ|（刀語）拍手喝采歌合|1
（刀語）拍手喝采歌合|（ハナヤマタ）花ハ踊レヤいろはにほ|1
（ハナヤマタ）花ハ踊レヤいろはにほ|（ドラえもん のび太のひみつ道具博物館）未来のミュージアム (Mirai no Museum ; Museum of the Future)|1
（ドラえもん のび太のひみつ道具博物館）未来のミュージアム (Mirai no Museum ; Museum of the Future)|（パーマン）きてよパーマン|1
（パーマン）きてよパーマン|（妖怪人間ベム）妖怪人間ベム|1
（妖怪人間ベム）妖怪人間ベム|（東京喰種-トキョーグール-）unravel|1
（東京喰種-トキョーグール-）unravel|（東京レイヴンズ）X-encounter|1
（東京レイヴンズ）X-encounter|（Devil Survivor 2）Take Your Way|1
（Devil Survivor 2）Take Your Way|（あの花）青い栞|1
（あの花）青い栞|"（ピンポン）""あのヒーローと"" 僕らについて"|1
"（ピンポン）""あのヒーローと"" 僕らについて"|（プリティーリズム）パンピナッ!|1
（プリティーリズム）パンピナッ!|（彼女がフラグをおられたら）クピドゥレビュー|1
（彼女がフラグをおられたら）クピドゥレビュー|（キルラキル）新世界交響楽|1
（キルラキル）新世界交響楽|（ちびまる子ちゃん）おどるポンポコリン|1
（ちびまる子ちゃん）おどるポンポコリン|（こち亀）おいでよ亀有|1
（こち亀）おいでよ亀有|（マクロスF）ギラギラサマー(^ω^)ノ|1
（マクロスF）ギラギラサマー(^ω^)ノ|（一週間フレンズ。）奏（かなで）|1
（一週間フレンズ。）奏（かなで）|（ラブライブ）ユメノトビラ|1
（ラブライブ）ユメノトビラ|（田村ゆかり）You & Me|1
（田村ゆかり）You & Me|（頭文字D）Gamble Rumble|1
（頭文字D）Gamble Rumble|（いちご100%）IKE IKE|1
（いちご100%）IKE IKE|（トラブルチョコレート）あなたに逢いたくて～Missing You～ Millennium Dance Version|1
（トラブルチョコレート）あなたに逢いたくて～Missing You～ Millennium Dance Version|（こどものおもちゃ）ウルトラ リラックス|1
（こどものおもちゃ）ウルトラ リラックス|（走れマキバオー）走れマキバオー |1
（走れマキバオー）走れマキバオー |（バカとテストと召喚獣 ）バカ・ゴー・ホーム|1
（バカとテストと召喚獣 ）バカ・ゴー・ホーム|（マイリトルポニー）ミライスタート|1
（マイリトルポニー）ミライスタート|（おとめ妖怪ざくろ）MOON SIGNAL|1
（おとめ妖怪ざくろ）MOON SIGNAL|（キルラキル）シリウス|1
（キルラキル）シリウス|（Wake Up, Girls!）7 Girls War|1
（Wake Up, Girls!）7 Girls War|（IDOL M@STER）Ready!!|1
（IDOL M@STER）Ready!!|（ラブライブ！）Music S.T.A.R.T!!|1
（ラブライブ！）Music S.T.A.R.T!!|end|1
start|（サンダーバード）メイン・タイトル (Main Titles)|1
（サンダーバード）メイン・タイトル (Main Titles)|（天空の城ラピュタ）君をのせて|1
（天空の城ラピュタ）君をのせて|（名探偵コナン）願い事ひとつだけ|1
（名探偵コナン）願い事ひとつだけ|（true tears）リフレクティア|1
（true tears）リフレクティア|（サムライフラメンコ）フライト23時|1
（サムライフラメンコ）フライト23時|（YAWARA！）ミラクル・ガール|1
（YAWARA！）ミラクル・ガール|（中華一番！）息もできない|1
（中華一番！）息もできない|（スラムダンク）マイフレンド [Slam Dunk ED4]|1
（スラムダンク）マイフレンド [Slam Dunk ED4]|（RAVE）Butterfly Kiss|1
（RAVE）Butterfly Kiss|（機動戦士ガンダム第08MS小隊）嵐の中で輝いて|1
（機動戦士ガンダム第08MS小隊）嵐の中で輝いて|（天地無用）天地無用！|1
（天地無用）天地無用！|（エヴァ）心よ原始に戻れ|1
（エヴァ）心よ原始に戻れ|（魔法陣グルグル）Magic Of Love|1
（魔法陣グルグル）Magic Of Love|（イナズマイレブン）流星ボーイ|1
（イナズマイレブン）流星ボーイ|（ヤッターマン）ヤッターマンの歌|1
（ヤッターマン）ヤッターマンの歌|（ミチコ&ハッチン）Paraiso|1
（ミチコ&ハッチン）Paraiso|（亡念のザムド）SHUT UP AND EXPLODE|1
（亡念のザムド）SHUT UP AND EXPLODE|（RAIL WARS！）OVERDRIVER|1
（RAIL WARS！）OVERDRIVER|（銀河鉄道999）銀河鉄道999|1
（銀河鉄道999）銀河鉄道999|（ツヨシしっかりしなさい）LOVE YOU ONLY|1
（ツヨシしっかりしなさい）LOVE YOU ONLY|（けいおん!!）ぴゅあぴゅあはーと|1
（けいおん!!）ぴゅあぴゅあはーと|（アリスSOS）S・O・S (ロングバージョン)|1
（アリスSOS）S・O・S (ロングバージョン)|（苺ましまろ）いちごコンプリート|1
（苺ましまろ）いちごコンプリート|（東京ミュウミュウ）恋はア・ラ・モード|1
（東京ミュウミュウ）恋はア・ラ・モード|（アイカツ）ヒラリ / ヒトリ / キラリ|1
（アイカツ）ヒラリ / ヒトリ / キラリ|end|1
start|（となりのトトロ）となりのトトロ|1
（となりのトトロ）となりのトトロ|（とっとこハム太郎）ハム太郎とっとこうた|1
（とっとこハム太郎）ハム太郎とっとこうた|（スペースダンディ）ビバナミダ|1
（スペースダンディ）ビバナミダ|（CCさくら）Catch You Catch Me|1
（CCさくら）Catch You Catch Me|（ときめきトゥナイト）ときめきトゥナイト|1
（ときめきトゥナイト）ときめきトゥナイト|（おジャ魔女どれみ#）おジャ魔女は ココにいる|1
（おジャ魔女どれみ#）おジャ魔女は ココにいる|（サザエさん）サザエさん|1
（サザエさん）サザエさん|（ちびまる子ちゃん）KinKiのやる気まんまんソング|1
（ちびまる子ちゃん）KinKiのやる気まんまんソング|（ポケモン）めざせポケモンマスター|1
（ポケモン）めざせポケモンマスター|（忍たま）四方八方肘鉄砲(Splash Version)|1
（忍たま）四方八方肘鉄砲(Splash Version)|（鋼の錬金術師）ゴールデンタイムラバー|1
（鋼の錬金術師）ゴールデンタイムラバー|（名探偵コナン）謎|1
（名探偵コナン）謎|（名探偵コナン）名探偵 コナン メイン・テーマ (摩天楼ヴァージョン)|1
（名探偵コナン）名探偵 コナン メイン・テーマ (摩天楼ヴァージョン)|（ガッチャマンクラウズ）Gotchaman~In the name of Love|1
（ガッチャマンクラウズ）Gotchaman~In the name of Love|（ダンガンロンパ）DANGANRONPA|1
（ダンガンロンパ）DANGANRONPA|（デジモンテイマーズ）The Biggest Dreamer|1
（デジモンテイマーズ）The Biggest Dreamer|（シャーマンキング）Northern lights|1
（シャーマンキング）Northern lights|（ヤッターマン）ヤッターマンの歌|1
（ヤッターマン）ヤッターマンの歌|（ちびまる子ちゃん）おどるポンポコリン|1
（ちびまる子ちゃん）おどるポンポコリン|（銀河鉄道999）銀河鉄道999|1
（銀河鉄道999）銀河鉄道999|end|1
start|（マクロスプラス）A sai en|1
（マクロスプラス）A sai en|（マクロスF）シェリルのアイモ|1
（マクロスF）シェリルのアイモ|（マクロスF）Universal Bunny|1
（マクロスF）Universal Bunny|（キューティーハニー）キューティーハニー|1
（キューティーハニー）キューティーハニー|（VS騎士ラムネ&40炎）未来形アイドル|1
（VS騎士ラムネ&40炎）未来形アイドル|（キン肉マン）カンフー ファイター (ラーメンマンのテーマ)|1
（キン肉マン）カンフー ファイター (ラーメンマンのテーマ)|（らんま１／２）じゃじゃ馬にさせないで|1
（らんま１／２）じゃじゃ馬にさせないで|（超時空要塞マクロス）小白竜(シャオパイロン)|1
（超時空要塞マクロス）小白竜(シャオパイロン)|（かんなぎ）motto☆派手にね!|1
（かんなぎ）motto☆派手にね!|（Wake Up, Girls!）タチアガレ！|1
（Wake Up, Girls!）タチアガレ！|（けいおん!!）ぴゅあぴゅあはーと|1
（けいおん!!）ぴゅあぴゅあはーと|（たまこラブストーリー）こいのうた|1
（たまこラブストーリー）こいのうた|（マクロス7）1・2・3・4・5・6・7 NIGHTS|1
（マクロス7）1・2・3・4・5・6・7 NIGHTS|（のだめカンタービレ）Allegro Cantabile|1
（のだめカンタービレ）Allegro Cantabile|（坂道のアポロン）坂道のメロディ|1
（坂道のアポロン）坂道のメロディ|（マクロスF）虹色クマクマ|1
（マクロスF）虹色クマクマ|（マクロスF）サイレントでなんかいられない|1
（マクロスF）サイレントでなんかいられない|（銀の匙）LIFE|1
（銀の匙）LIFE|（NARUTO疾風伝）Hero's Come Back!!|1
（NARUTO疾風伝）Hero's Come Back!!|（焼きたて！！ジャぱん）To All Tha Dreamers|1
（焼きたて！！ジャぱん）To All Tha Dreamers|（スペース☆ダンディ）スペース☆ダンディ|1
（スペース☆ダンディ）スペース☆ダンディ|（インターステラ5555）One More Time|1
（インターステラ5555）One More Time|（ガンダムビルドファイターズ）ニブンノイチ|1
（ガンダムビルドファイターズ）ニブンノイチ|（YAT安心!宇宙旅行）HEAVEN|1
（YAT安心!宇宙旅行）HEAVEN|（交響詩篇エウレカセブン）DAYS|1
（交響詩篇エウレカセブン）DAYS|（ジョジョ）BLOODY STREAM|1
（ジョジョ）BLOODY STREAM|（カウボーイビバップ）Tank!|1
（カウボーイビバップ）Tank!|（バッカーノ!）Gun's & Roses|1
（バッカーノ!）Gun's & Roses|（デジモンテイマーズ）The Biggest Dreamer|1
（デジモンテイマーズ）The Biggest Dreamer|（うえきの法則）Falco -ファルコ-|1
（うえきの法則）Falco -ファルコ-|（シャーマンキング）Northern lights|1
（シャーマンキング）Northern lights|（マクロスF）ノーザンクロス|1
（マクロスF）ノーザンクロス|（機動戦艦ナデシコ）YOU GET TO BURNING|1
（機動戦艦ナデシコ）YOU GET TO BURNING|（エヴァ）集結の園へ|1
（エヴァ）集結の園へ|（攻殻機動隊S.A.C 2nd GIG）rise|1
（攻殻機動隊S.A.C 2nd GIG）rise|（RAIL WARS！）OVERDRIVER|1
（RAIL WARS！）OVERDRIVER|（マクロスF）インフィニティ #7|1
（マクロスF）インフィニティ #7|（エレメンタルジェレイド）Forever...|1
（エレメンタルジェレイド）Forever...|（機動戦士ガンダムSEED DESTINY）ignited-イグナイテッド-|1
（機動戦士ガンダムSEED DESTINY）ignited-イグナイテッド-|（創聖のアクエリオン）創聖のアクエリオン|1
（創聖のアクエリオン）創聖のアクエリオン|end|1
start|（テニミュ）あいつこそがテニスの王子様|1
（テニミュ）あいつこそがテニスの王子様|（ジョジョ）ジョジョ その血の記憶～end of THE WORLD～|1
（ジョジョ）ジョジョ その血の記憶～end of THE WORLD～|（NARUTO疾風伝）Hero's Come Back!!|1
（NARUTO疾風伝）Hero's Come Back!!|（アベノ橋魔法☆商店街）Treat or Goblins|1
（アベノ橋魔法☆商店街）Treat or Goblins|（焼きたて！！ジャぱん）To All Tha Dreamers|1
（焼きたて！！ジャぱん）To All Tha Dreamers|（超訳百人一首 うた恋い。）Singin' My Lu|1
（超訳百人一首 うた恋い。）Singin' My Lu|（ふしぎ遊戯 ）ときめきの導火線|1
（ふしぎ遊戯 ）ときめきの導火線|（仙界伝封神演義）WILL|1
（仙界伝封神演義）WILL|（BLEACH）＊～アスタリスク～|1
（BLEACH）＊～アスタリスク～|（コードギアス）COLORS|1
（コードギアス）COLORS|（イナズマイレブン）流星ボーイ|1
（イナズマイレブン）流星ボーイ|（ボボボーボボーボボ）バカサバイバー|1
（ボボボーボボーボボ）バカサバイバー|（デスパレード）Flyers (アニメ“デス・パレード”オープニングテーマ(short ver.))|1
（デスパレード）Flyers (アニメ“デス・パレード”オープニングテーマ(short ver.))|（鋼の錬金術師）READY STEADY GO|1
（鋼の錬金術師）READY STEADY GO|（スクライド）Reckless fire|1
（スクライド）Reckless fire|（蒼穹のファフナー）Shangri-La |1
（蒼穹のファフナー）Shangri-La |（アルドノア・ゼロ）heavenly blue|1
（アルドノア・ゼロ）heavenly blue|（デュラララ！！×2 承）HEADHUNT|1
（デュラララ！！×2 承）HEADHUNT|（DRKERTHANBLACK）HOWLING|1
（DRKERTHANBLACK）HOWLING|（桜蘭高校ホスト部）桜キッス|1
（桜蘭高校ホスト部）桜キッス|（黒子のバスケ）カタルリズム|1
（黒子のバスケ）カタルリズム|（ペルソナ4）Reach Out To The Truth|1
（ペルソナ4）Reach Out To The Truth|（NANA）LUCY|1
（NANA）LUCY|（BECK）HIT IN THE USA|1
（BECK）HIT IN THE USA|（美男高校地球防衛部LOVE！）絶対無敵☆Fallin'LOVE☆|1
（美男高校地球防衛部LOVE！）絶対無敵☆Fallin'LOVE☆|end|1
start|（ソウルイーター）爆走夢歌|1
（ソウルイーター）爆走夢歌|（RAVE）Butterfly Kiss|1
（RAVE）Butterfly Kiss|（薄桜鬼 ）十六夜涙|1
（薄桜鬼 ）十六夜涙|（るろうに剣心）1/2|1
（るろうに剣心）1/2|（銀魂）ウォーアイニー|1
（銀魂）ウォーアイニー|（NARUTO）GO!!!|1
（NARUTO）GO!!!|（ジャングルはいつもハレのちグゥ）Love☆トロピカ～ナ|1
（ジャングルはいつもハレのちグゥ）Love☆トロピカ～ナ|（ふたりはプリキュアスプラッシュスター）ガンバランスdeダンス|1
（ふたりはプリキュアスプラッシュスター）ガンバランスdeダンス|（キルラキル）新世界交響楽|1
（キルラキル）新世界交響楽|（僕は友達が少ない）Be My Friend|1
（僕は友達が少ない）Be My Friend|（パパの言うことを聞きなさい）Happy Girl|1
（パパの言うことを聞きなさい）Happy Girl|（耳をすませば）カントリー・ロード|1
（耳をすませば）カントリー・ロード|（初音ミク）Tell Your World|1
（初音ミク）Tell Your World|（機動戦士ガンダムSEED）Believe|1
（機動戦士ガンダムSEED）Believe|（シドニアの騎士）シドニア|1
（シドニアの騎士）シドニア|（RAIL WARS！）OVERDRIVER|1
（RAIL WARS！）OVERDRIVER|（創聖のアクエリオン）創聖のアクエリオン|1
（創聖のアクエリオン）創聖のアクエリオン|（人類は衰退しました）ユメのなかノわたしのユメ|1
（人類は衰退しました）ユメのなかノわたしのユメ|（まおゆう魔王勇者）向かい風|1
（まおゆう魔王勇者）向かい風|（コードギアス）O2|1
（コードギアス）O2|（キルラキル）シリウス|1
（キルラキル）シリウス|（Wake Up, Girls!）7 Girls War|1
（Wake Up, Girls!）7 Girls War|（アイドルマスター シンデレラガールズ）Star！！|1
（アイドルマスター シンデレラガールズ）Star！！|（スラムダンク）君が好きだと叫びたい [Slam Dunk OP1]|1
（スラムダンク）君が好きだと叫びたい [Slam Dunk OP1]|（彼女がフラグをおられたら）クピドゥレビュー|1
（彼女がフラグをおられたら）クピドゥレビュー|（イナズマイレブン）流星ボーイ|1
（イナズマイレブン）流星ボーイ|（らき☆すた）もってけ！セーラーふく|1
（らき☆すた）もってけ！セーラーふく|（創聖のアクエリオン）創聖のアクエリオン|1
（創聖のアクエリオン）創聖のアクエリオン|（忍たま乱太郎）待ったなんてなしっ!|1
（忍たま乱太郎）待ったなんてなしっ!|（DRKERTHANBLACK）HOWLING|1
（DRKERTHANBLACK）HOWLING|end|1
start|（おかあさんといっしょ）あ・い・うー (指導入り)　体操|1
（おかあさんといっしょ）あ・い・うー (指導入り)　体操|（おジャ魔女どれみ）おジャ魔女カーニバル!!|1
（おジャ魔女どれみ）おジャ魔女カーニバル!!|（ロザリオとバンパイアCAPU2）DISCOTHEQUE|1
（ロザリオとバンパイアCAPU2）DISCOTHEQUE|（繰繰れ！コックリさん）Welcome！！DISCOけもけもけ|1
（繰繰れ！コックリさん）Welcome！！DISCOけもけもけ|（妖怪ウォッチ）祭り囃子でゲラゲラポー|1
（妖怪ウォッチ）祭り囃子でゲラゲラポー|（とっとこハム太郎）ハム太郎とっとこうた|1
（とっとこハム太郎）ハム太郎とっとこうた|（ちびまる子ちゃん）おどるポンポコリン|1
（ちびまる子ちゃん）おどるポンポコリン|（忍たま）勇気100%|1
（忍たま）勇気100%|（団地ともお）団地でDAN! RAN!|1
（団地ともお）団地でDAN! RAN!|（銀の匙 ）オトノナルホウヘ→|1
（銀の匙 ）オトノナルホウヘ→|（おじゃる丸）プリン賛歌|1
（おじゃる丸）プリン賛歌|（アリスSOS）S・O・S (ロングバージョン)|1
（アリスSOS）S・O・S (ロングバージョン)|（キン肉マン）カンフー ファイター (ラーメンマンのテーマ)|1
（キン肉マン）カンフー ファイター (ラーメンマンのテーマ)|（獣神ライガー）怒りの獣神|1
（獣神ライガー）怒りの獣神|（勇者王ガオガイガー）勇者王誕生!|1
（勇者王ガオガイガー）勇者王誕生!|（デジモンアドベンチャー）Butter-Fly|1
（デジモンアドベンチャー）Butter-Fly|（ONEPIECE）ウィーゴー!|1
（ONEPIECE）ウィーゴー!|（機動戦士Vガンダム）STAND UP TO THE VICTORY ～トゥ・ザ・ヴィクトリー～|1
（機動戦士Vガンダム）STAND UP TO THE VICTORY ～トゥ・ザ・ヴィクトリー～|（マクロス7）突撃ラブハート|1
（マクロス7）突撃ラブハート|（聖闘士星矢 ）ペガサス幻想 (ver. Ω)|1
（聖闘士星矢 ）ペガサス幻想 (ver. Ω)|（ジョジョ）STAND PROUD|1
（ジョジョ）STAND PROUD|（けいおん！）No,Thank You!|1
（けいおん！）No,Thank You!|（ログホライズン）database feat.TAKUMA（10-FEET）|1
（ログホライズン）database feat.TAKUMA（10-FEET）|（DEATH NOTE）絶望ビリー|1
（DEATH NOTE）絶望ビリー|（健全ロボ ダイミダラー）健全ロボ ダイミダラー|1
（健全ロボ ダイミダラー）健全ロボ ダイミダラー|（ピンポン）唯一人|1
（ピンポン）唯一人|（武装練金）真赤な誓い|1
（武装練金）真赤な誓い|（革命機ヴァルヴレイヴ）革命デュアリズム|1
（革命機ヴァルヴレイヴ）革命デュアリズム|（TIGER&BUNNY）オリオンをなぞる|1
（TIGER&BUNNY）オリオンをなぞる|（TIGER&BUNNY）リニアブルーを聴きながら|1
（TIGER&BUNNY）リニアブルーを聴きながら|（夜桜四重奏-ハナノウタ-）桜のあと(all quartets lead to the?)|1
（夜桜四重奏-ハナノウタ-）桜のあと(all quartets lead to the?)|end|1
start|（進撃の巨人）紅蓮の弓矢 (TV Size)|1
（進撃の巨人）紅蓮の弓矢 (TV Size)|（魔法少女まどかマギカ）コネクト|1
（魔法少女まどかマギカ）コネクト|（けいおん！）Listen!!|1
（けいおん！）Listen!!|（変態王子と笑わない猫）Baby Sweet Berry Love|1
（変態王子と笑わない猫）Baby Sweet Berry Love|（ドキドキプリキュア）Happy Go Lucky! ドキドキ!プリキュア|1
（ドキドキプリキュア）Happy Go Lucky! ドキドキ!プリキュア|（じょしらく）ニッポン笑顔百景|1
（じょしらく）ニッポン笑顔百景|（ボカロ）千本桜|1
（ボカロ）千本桜|（機巧少女は傷つかない）回レ！雪月花|1
（機巧少女は傷つかない）回レ！雪月花|LA・LA・LA LOVE SONG(with Naomi Campbell)|1
LA・LA・LA LOVE SONG(with Naomi Campbell)|（銀の匙）LIFE|1
（銀の匙）LIFE|（ポンキッキーズ）さあ冒険だ|1
（ポンキッキーズ）さあ冒険だ|（まもって守護月天！）さぁ|1
（まもって守護月天！）さぁ|（名探偵コナン）謎|1
（名探偵コナン）謎|（ダンガンロンパ）Never Say Never|1
（ダンガンロンパ）Never Say Never|（ガッチャマンクラウズ）Gotchaman~In the name of Love|1
（ガッチャマンクラウズ）Gotchaman~In the name of Love|（Devil Survivor 2）Take Your Way|1
（Devil Survivor 2）Take Your Way|（俺の妹がこんなに可愛いわけがない）Reunion|1
（俺の妹がこんなに可愛いわけがない）Reunion|（ニセコイ）CLICK|1
（ニセコイ）CLICK|（ミスモノクローム）ポーカーフェイス|1
（ミスモノクローム）ポーカーフェイス|（超次元ゲイム ネプテューヌ）ネプテューヌ☆サガして|1
（超次元ゲイム ネプテューヌ）ネプテューヌ☆サガして|（わたモテ）どう考えても私は悪くない|1
（わたモテ）どう考えても私は悪くない|（生徒会役員共＊）花咲く☆最強レジェンドDays|1
（生徒会役員共＊）花咲く☆最強レジェンドDays|（GJ部）もうそう★こうかんにっき|1
（GJ部）もうそう★こうかんにっき|（忍たま）勇気100%|1
（忍たま）勇気100%|（忍たま）0点チャンピオン|1
（忍たま）0点チャンピオン|（東方）Bad Apple!!|1
（東方）Bad Apple!!|（生徒会役員共＊）花咲く☆最強レジェンドDays|1
（生徒会役員共＊）花咲く☆最強レジェンドDays|（GJ部）もうそう★こうかんにっき|1
（GJ部）もうそう★こうかんにっき|end|1
start|（ちっちゃな雪使いシュガー）Sugar Baby Love|1
（ちっちゃな雪使いシュガー）Sugar Baby Love|（とらドラ！）silky heart|1
（とらドラ！）silky heart|（俺の妹がこんなに可愛いわけがない）Irony|1
（俺の妹がこんなに可愛いわけがない）Irony|（アオハライド）世界は恋に落ちている|1
（アオハライド）世界は恋に落ちている|（スラムダンク）君が好きだと叫びたい [Slam Dunk OP1]|1
（スラムダンク）君が好きだと叫びたい [Slam Dunk OP1]|（デジモンテイマーズ）The Biggest Dreamer|1
（デジモンテイマーズ）The Biggest Dreamer|（NARUTO）GO!!!|1
（NARUTO）GO!!!|（スクールランブル）スクランブル|1
（スクールランブル）スクランブル|（彼女がフラグをおられたら）クピドゥレビュー|1
（彼女がフラグをおられたら）クピドゥレビュー|（プリティーリズム）パンピナッ!|1
（プリティーリズム）パンピナッ!|（機動戦士ガンダムSEED）INVOKE－インヴォーク－|1
（機動戦士ガンダムSEED）INVOKE－インヴォーク－|（スクライド）Reckless fire|1
（スクライド）Reckless fire|（シドニアの騎士）シドニア|1
（シドニアの騎士）シドニア|（テラフォーマーズ）AMAZING BREAK|1
（テラフォーマーズ）AMAZING BREAK|（エアマスター）Rolling1000toon|1
（エアマスター）Rolling1000toon|（ミチコ&ハッチン）Paraiso|1
（ミチコ&ハッチン）Paraiso|（ボカロ）脳漿炸裂ガール|1
（ボカロ）脳漿炸裂ガール|（機巧少女は傷つかない）回レ！雪月花|1
（機巧少女は傷つかない）回レ！雪月花|end|1
start|（てーきゅう）メニメニマニマニ|1
（てーきゅう）メニメニマニマニ|（走れマキバオー）走れマキバオー |1
（走れマキバオー）走れマキバオー |（バカとテストと召喚獣 ）バカ・ゴー・ホーム|1
（バカとテストと召喚獣 ）バカ・ゴー・ホーム|（じょしらく）ニッポン笑顔百景|1
（じょしらく）ニッポン笑顔百景|（ボカロ）千本桜|1
（ボカロ）千本桜|（刀語）拍手喝采歌合|1
（刀語）拍手喝采歌合|（ハナヤマタ）花ハ踊レヤいろはにほ|1
（ハナヤマタ）花ハ踊レヤいろはにほ|（けいおん！）Cagayake！GIRLS|1
（けいおん！）Cagayake！GIRLS|（スマイルプリキュア）イェイ! イェイ! イェイ! |1
（スマイルプリキュア）イェイ! イェイ! イェイ! |（ロウきゅーぶSS）Rolling! Roling!|1
（ロウきゅーぶSS）Rolling! Roling!|（ゆるゆり）いぇす！ゆゆゆ☆ゆるゆり♪♪|1
（ゆるゆり）いぇす！ゆゆゆ☆ゆるゆり♪♪|（さばげぶっ!）ぴてぃぱてぃサバイバード|1
（さばげぶっ!）ぴてぃぱてぃサバイバード|（GANTZ）Super Shooter|1
（GANTZ）Super Shooter|（ハッチポッチ）ハッチポッチファミリー ＜フルサイズ＞|1
（ハッチポッチ）ハッチポッチファミリー ＜フルサイズ＞|（銀の匙）LIFE|1
（銀の匙）LIFE|（きんいろモザイク）Your Voice|1
（きんいろモザイク）Your Voice|（ドラえもん）ドラえもんのうた|1
（ドラえもん）ドラえもんのうた|（ダンガンロンパ）Never Say Never|1
（ダンガンロンパ）Never Say Never|（ジョジョ）BLOODY STREAM|1
（ジョジョ）BLOODY STREAM|（バッカーノ!）Gun's & Roses|1
（バッカーノ!）Gun's & Roses|（月刊少女野崎くん）君じゃなきゃダメみたい|1
（月刊少女野崎くん）君じゃなきゃダメみたい|（スクールランブル）スクランブル|1
（スクールランブル）スクランブル|（ちびまる子ちゃん）おどるポンポコリン|1
（ちびまる子ちゃん）おどるポンポコリン|（ちびまる子ちゃん）おどるポンポコリン|1
（ちびまる子ちゃん）おどるポンポコリン|end|1
start|（幕末義人伝 浪漫）RanTiKi|1
（幕末義人伝 浪漫）RanTiKi|（ナジカ電撃作戦）Body & Mind|1
（ナジカ電撃作戦）Body & Mind|（アイカツ）Thrilling Dream|1
（アイカツ）Thrilling Dream|（ぜんまいざむらい）ぜんまいざむらいのうた|1
（ぜんまいざむらい）ぜんまいざむらいのうた|（ハッチポッチ）ハッチポッチファミリー ＜フルサイズ＞|1
（ハッチポッチ）ハッチポッチファミリー ＜フルサイズ＞|（ビーストウォース超生命体トランスフォーマー゙）War War! Stop It|1
（ビーストウォース超生命体トランスフォーマー゙）War War! Stop It|（攻殻機動隊）GET9|1
（攻殻機動隊）GET9|（xxxHOLiC◆継）NOBODY KNOWS|1
（xxxHOLiC◆継）NOBODY KNOWS|（六畳間の侵略者！？）恋はみるくてぃ|1
（六畳間の侵略者！？）恋はみるくてぃ|（スペースダンディ）X次元へようこそ|1
（スペースダンディ）X次元へようこそ|（妖怪ウォッチ）ゲラゲラポーのうた|1
（妖怪ウォッチ）ゲラゲラポーのうた|（ポケモン）めざせポケモンマスター|1
（ポケモン）めざせポケモンマスター|（こち亀）ナイスな心意気|1
（こち亀）ナイスな心意気|（パラッパラッパー） LOVE TOGETHER |1
（パラッパラッパー） LOVE TOGETHER |（スイートプリキュア）ワンダフル↑パワフル↑ミュージック！|1
（スイートプリキュア）ワンダフル↑パワフル↑ミュージック！|（月刊少女野崎くん）君じゃなきゃダメみたい|1
（月刊少女野崎くん）君じゃなきゃダメみたい|（ボボボーボボーボボ）バカサバイバー|1
（ボボボーボボーボボ）バカサバイバー|（マクロスF）愛・おぼえていますか ～bless the little queen～|1
（マクロスF）愛・おぼえていますか ～bless the little queen～|（極黒のブリュンヒルデ）BRYNHILDR IN THE DARKNESS -Ver.EJECTED-|1
（極黒のブリュンヒルデ）BRYNHILDR IN THE DARKNESS -Ver.EJECTED-|（シドニアの騎士）シドニア|1
（シドニアの騎士）シドニア|（戦姫絶唱シンフォギア） Synchrogazer|1
（戦姫絶唱シンフォギア） Synchrogazer|（アクエリオンEVOL）君の神話～アクエリオン第二章|1
（アクエリオンEVOL）君の神話～アクエリオン第二章|（マクロスF）射手座☆午後九時Don't be late|1
（マクロスF）射手座☆午後九時Don't be late|（聖闘士星矢 ）ペガサス幻想 (ver. Ω)|1
（聖闘士星矢 ）ペガサス幻想 (ver. Ω)|（ジョジョ）STAND PROUD|1
（ジョジョ）STAND PROUD|（CCさくら）プラチナ|1
（CCさくら）プラチナ|（サクラ大戦3）御旗のもとに|1
（サクラ大戦3）御旗のもとに|（美少女戦士セーラームーン）ムーンライト伝説|1
（美少女戦士セーラームーン）ムーンライト伝説|（アンパンマン）勇気りんりん|1
（アンパンマン）勇気りんりん|（ガッチャマンクラウズ）Gotchaman~In the name of Love|1
（ガッチャマンクラウズ）Gotchaman~In the name of Love|（エヴァ）集結の園へ|1
（エヴァ）集結の園へ|（忍たま）勇気100%|1
（忍たま）勇気100%|（団地ともお）団地でDAN! RAN!|1
（団地ともお）団地でDAN! RAN!|（ちびまる子ちゃん）おどるポンポコリン|1
（ちびまる子ちゃん）おどるポンポコリン|（ちびまる子ちゃん）おどるポンポコリン|1
（ちびまる子ちゃん）おどるポンポコリン|end|1
start|（崖の上のポニョ）崖の上のポニョ|1
（崖の上のポニョ）崖の上のポニョ|（凪のあすから）lull ～そして僕らは～|1
（凪のあすから）lull ～そして僕らは～|（IDOLM@STER）M@STERPIECE|1
（IDOLM@STER）M@STERPIECE|（アンパンマン）勇気りんりん|1
（アンパンマン）勇気りんりん|（ガッチャマンクラウズ）Gotchaman~In the name of Love|1
（ガッチャマンクラウズ）Gotchaman~In the name of Love|（機動戦士ガンダムSEED）Realize|1
（機動戦士ガンダムSEED）Realize|（ミスモノクローム）ポーカーフェイス|1
（ミスモノクローム）ポーカーフェイス|（美少女戦士セーラームーンR）乙女のポリシー|1
（美少女戦士セーラームーンR）乙女のポリシー|（IDOLM@STER）乙女よ大志を抱け!! |1
（IDOLM@STER）乙女よ大志を抱け!! |（彼氏彼女の事情）夢の中へ |1
（彼氏彼女の事情）夢の中へ |（キルラキル）ごめんねいいコじゃいられない|1
（キルラキル）ごめんねいいコじゃいられない|（じょしらく）ニッポン笑顔百景|1
（じょしらく）ニッポン笑顔百景|（ボカロ）千本桜|1
（ボカロ）千本桜|（機巧少女は傷つかない）回レ！雪月花|1
（機巧少女は傷つかない）回レ！雪月花|（一休さん）とんちんかんちん一休さん|1
（一休さん）とんちんかんちん一休さん|（ちびまる子ちゃん）じゃがバタコーンさん|1
（ちびまる子ちゃん）じゃがバタコーンさん|（クレヨンしんちゃん）オラはにんきもの|1
（クレヨンしんちゃん）オラはにんきもの|（鋼鉄ジーグ）鋼鉄ジーグのうた|1
（鋼鉄ジーグ）鋼鉄ジーグのうた|（グレートマジンガー）おれはグレートマジンガー|1
（グレートマジンガー）おれはグレートマジンガー|（マジンガーZ）マジンガーZ|1
（マジンガーZ）マジンガーZ|（ロボットガールズZ）ロボットガールズZ|1
（ロボットガールズZ）ロボットガールズZ|（GANTZ）Super Shooter|1
（GANTZ）Super Shooter|（エヴァ）魂のルフラン|1
（エヴァ）魂のルフラン|（セイバーマリオネットJ）Successful Mission|1
（セイバーマリオネットJ）Successful Mission|（スレイヤーズNEXT）Give a reason|1
（スレイヤーズNEXT）Give a reason|（サクラ大戦）檄!帝国華撃団|1
（サクラ大戦）檄!帝国華撃団|（大正野球娘）浪漫ちっくストライク。|1
（大正野球娘）浪漫ちっくストライク。|（キルラキル）新世界交響楽|1
（キルラキル）新世界交響楽|（銀河鉄道999）銀河鉄道999|1
（銀河鉄道999）銀河鉄道999|（忍たま）勇気100%|1
（忍たま）勇気100%|end|1
start|（ルパン三世 カリオストロの城）炎のたからもの |1
（ルパン三世 カリオストロの城）炎のたからもの |（銀河英雄伝説）SKIES OF LOVE|1
（銀河英雄伝説）SKIES OF LOVE|（超時空要塞マクロス）マクロス|1
（超時空要塞マクロス）マクロス|（カウボーイビバップ）Bindy|1
（カウボーイビバップ）Bindy|（波打際のむろみさん）七つの海よりキミの海|1
（波打際のむろみさん）七つの海よりキミの海|（カウボーイビバップ）Bad Dog No Biscuits|1
（カウボーイビバップ）Bad Dog No Biscuits|（ダーティペア）ロ・ロ・ロ・ロシアン・ルーレット|1
（ダーティペア）ロ・ロ・ロ・ロシアン・ルーレット|（人類は衰退しました）ユメのなかノわたしのユメ|1
（人類は衰退しました）ユメのなかノわたしのユメ|（天空のエスカフローネ）約束はいらない|1
（天空のエスカフローネ）約束はいらない|（ロードス島戦記）奇跡の海|1
（ロードス島戦記）奇跡の海|（攻殻機動隊）謡III - Reincarnation|1
（攻殻機動隊）謡III - Reincarnation|（パプリカ）パレード|1
（パプリカ）パレード|（囮物語）もうそう♥えくすぷれす|1
（囮物語）もうそう♥えくすぷれす|（妖怪人間ベム）妖怪人間ベム|1
（妖怪人間ベム）妖怪人間ベム|（探偵少年カゲマン）光と影の小夜曲 ～カゲマンのテーマ|1
（探偵少年カゲマン）光と影の小夜曲 ～カゲマンのテーマ|（宇宙船サジタリウス）スターダストボーイズ|1
（宇宙船サジタリウス）スターダストボーイズ|（モンタナジョーンズ）冒険者たち|1
（モンタナジョーンズ）冒険者たち|（攻殻機動隊）GET9|1
（攻殻機動隊）GET9|（最終兵器彼女）恋スル気持チ|1
（最終兵器彼女）恋スル気持チ|（アベノ橋魔法☆商店街）Treat or Goblins|1
（アベノ橋魔法☆商店街）Treat or Goblins|（焼きたて！！ジャぱん）To All Tha Dreamers|1
（焼きたて！！ジャぱん）To All Tha Dreamers|（スペース☆ダンディ）スペース☆ダンディ|1
（スペース☆ダンディ）スペース☆ダンディ|（ME!ME!ME!）ME!ME!ME! feat. daoko_pt.1|1
（ME!ME!ME!）ME!ME!ME! feat. daoko_pt.1|（魔法陣グルグル）Magic Of Love|1
（魔法陣グルグル）Magic Of Love|（天地無用）天地無用！|1
（天地無用）天地無用！|（カウボーイビバップ）Want it all back|1
（カウボーイビバップ）Want it all back|（RIDEBACK）RIDEBACK|1
（RIDEBACK）RIDEBACK|（東京レイヴンズ）X-encounter|1
（東京レイヴンズ）X-encounter|（楽園追放 -Expelled from Paradise-）The Snatcher|1
（楽園追放 -Expelled from Paradise-）The Snatcher|（エウレカセブン）Tiger Track|1
（エウレカセブン）Tiger Track|（REDLINE）39 REDLINE|1
（REDLINE）39 REDLINE|（ガッチャマンクラウズ）Gatchadance|1
（ガッチャマンクラウズ）Gatchadance|（東方）Bad Apple!!|1
（東方）Bad Apple!!|（天上天下）Bomb A Head!V|1
（天上天下）Bomb A Head!V|（カウボーイビバップ）Tank!|1
（カウボーイビバップ）Tank!|（ボカロ）脳漿炸裂ガール|1
（ボカロ）脳漿炸裂ガール|end|1
start|（トップをねらえ！）ガンバスター|1
（トップをねらえ！）ガンバスター|（トップをねらえ！）トップをねらえ!～Fly High〜|1
（トップをねらえ！）トップをねらえ!～Fly High〜|（機動戦士ガンダムSEED DESTINY）ignited-イグナイテッド-|1
（機動戦士ガンダムSEED DESTINY）ignited-イグナイテッド-|（機動戦士ガンダム0083）THE WINNER|1
（機動戦士ガンダム0083）THE WINNER|（超獣機神ダンクーガ）バーニング・ラヴ|1
（超獣機神ダンクーガ）バーニング・ラヴ|（獣装機攻 ダンクーガ ノヴァ）鳥の歌|1
（獣装機攻 ダンクーガ ノヴァ）鳥の歌|（009-1　ゼロゼロクノイチ）Destiny girl|1
（009-1　ゼロゼロクノイチ）Destiny girl|（戦国乙女パラドックス）陽炎|1
（戦国乙女パラドックス）陽炎|（戦国魔神ゴーショーグン）ゴーショーグン発進せよ|1
（戦国魔神ゴーショーグン）ゴーショーグン発進せよ|（がんばれゴエモン~ネオ桃山幕府のおどり ）おれはインパクト|1
（がんばれゴエモン~ネオ桃山幕府のおどり ）おれはインパクト|（キルラキル）ambiguous|1
（キルラキル）ambiguous|（ロボティクスノーツ）純情スペクトラ|1
（ロボティクスノーツ）純情スペクトラ|（GANTZ）Super Shooter|1
（GANTZ）Super Shooter|（サンダーバード）メイン・タイトル (Main Titles)|1
（サンダーバード）メイン・タイトル (Main Titles)|（スターウォーズ/クローンウォーズ）Star Wars Main Title & A Galaxy Divided|1
（スターウォーズ/クローンウォーズ）Star Wars Main Title & A Galaxy Divided|（銀河英雄伝説）SKIES OF LOVE|1
（銀河英雄伝説）SKIES OF LOVE|（ターンエーガンダム） 月の繭 |1
（ターンエーガンダム） 月の繭 |（ムシウタ）ムシウタ|1
（ムシウタ）ムシウタ|（千年女優）ロタティオン (Lotus-2)|1
（千年女優）ロタティオン (Lotus-2)|（インターステラ5555）One More Time|1
（インターステラ5555）One More Time|（THE ビッグオー）BIG-O!|1
（THE ビッグオー）BIG-O!|（デジモンテイマーズ）The Biggest Dreamer|1
（デジモンテイマーズ）The Biggest Dreamer|（電脳冒険記ウェブダイバー）Diver#2100|1
（電脳冒険記ウェブダイバー）Diver#2100|（超ロボット生命体 トランスフォーマー）Transformers ～鋼鉄の勇気～|1
（超ロボット生命体 トランスフォーマー）Transformers ～鋼鉄の勇気～|（コンピューターおばあちゃん）コンピューターおばあちゃん|1
（コンピューターおばあちゃん）コンピューターおばあちゃん|（攻殻機動隊S.A.C 2nd GIG）rise|1
（攻殻機動隊S.A.C 2nd GIG）rise|（サイボーグ009）genesis of next|1
（サイボーグ009）genesis of next|（REDLINE ）01 Yellow Line |1
（REDLINE ）01 Yellow Line |（ガッチャマンクラウズ）Gatchadance|1
（ガッチャマンクラウズ）Gatchadance|（東方）Bad Apple!!|1
（東方）Bad Apple!!|（RAIL WARS！）OVERDRIVER|1
（RAIL WARS！）OVERDRIVER|（ウルトラマン ティガ）Take Me Higher|1
（ウルトラマン ティガ）Take Me Higher|（DARKER THAN BLACK）覚醒ヒロイズム ～THE HERO WITHOUT A“NAME”～|1
（DARKER THAN BLACK）覚醒ヒロイズム ～THE HERO WITHOUT A“NAME”～|（第2次スーパーロボット大戦Z 再世篇）鋼のレジスタンス|1
（第2次スーパーロボット大戦Z 再世篇）鋼のレジスタンス|（テラフォーマーズ）AMAZING BREAK|1
（テラフォーマーズ）AMAZING BREAK|（エアマスター）Rolling1000toon|1
（エアマスター）Rolling1000toon|（ミチコ&ハッチン）Paraiso|1
（ミチコ&ハッチン）Paraiso|（亡念のザムド）SHUT UP AND EXPLODE|1
（亡念のザムド）SHUT UP AND EXPLODE|（マクロスF）放課後オーバーフロウ|1
（マクロスF）放課後オーバーフロウ|（マクロスF）Welcome To My FanClub's Night!|1
（マクロスF）Welcome To My FanClub's Night!|（シュタゲ）スカイクラッドの観測者|1
（シュタゲ）スカイクラッドの観測者|end|1
start|（クレヨンしんちゃん）SIX COLORS BOY|1
（クレヨンしんちゃん）SIX COLORS BOY|（あそびにいくヨ！）Now loading...SKY!!|1
（あそびにいくヨ！）Now loading...SKY!!|（探偵オペラミルキィホームズ2）Lovely Girls Anthem|1
（探偵オペラミルキィホームズ2）Lovely Girls Anthem|（ソードアートオンライン）Overfly|1
（ソードアートオンライン）Overfly|（ふしぎの海のナディア）ブルーウォーター|1
（ふしぎの海のナディア）ブルーウォーター|（新世紀エヴァンゲリオン）心よ原始に帰れ|1
（新世紀エヴァンゲリオン）心よ原始に帰れ|（機動戦艦ナデシコ）YOU GET TO BURNING|1
（機動戦艦ナデシコ）YOU GET TO BURNING|（スレイヤーズNEXT）Give a reason|1
（スレイヤーズNEXT）Give a reason|（ガンパレードオーケストラ）Faze to love|1
（ガンパレードオーケストラ）Faze to love|（電脳冒険記ウェブダイバー）Diver#2100|1
（電脳冒険記ウェブダイバー）Diver#2100|（爆転シュートベイブレード）Fighting Spirits -SONG FOR BEYBLADE-|1
（爆転シュートベイブレード）Fighting Spirits -SONG FOR BEYBLADE-|（ジョジョ）ジョジョ〜その血の運命〜|1
（ジョジョ）ジョジョ〜その血の運命〜|（サクラ大戦）檄!帝国華撃団|1
（サクラ大戦）檄!帝国華撃団|（戦国乙女パラドックス）陽炎|1
（戦国乙女パラドックス）陽炎|（刀語）言ノ葉|1
（刀語）言ノ葉|（大正野球娘）浪漫ちっくストライク。|1
（大正野球娘）浪漫ちっくストライク。|（真ゲッターロボVSネオゲッターロボ）STORM|1
（真ゲッターロボVSネオゲッターロボ）STORM|（IDOLM@STER）乙女よ大志を抱け!! |1
（IDOLM@STER）乙女よ大志を抱け!! |end|1
start|（おかあさんといっしょ）あ・い・うー (指導入り)　体操|1
（おかあさんといっしょ）あ・い・うー (指導入り)　体操|（ハッチポッチ）ハッチポッチファミリー ＜フルサイズ＞|1
（ハッチポッチ）ハッチポッチファミリー ＜フルサイズ＞|（妖怪ウォッチ）ゲラゲラポーのうた|1
（妖怪ウォッチ）ゲラゲラポーのうた|（サザエさん）サザエさん|1
（サザエさん）サザエさん|（ちびまる子ちゃん）KinKiのやる気まんまんソング|1
（ちびまる子ちゃん）KinKiのやる気まんまんソング|（ポケモン）めざせポケモンマスター|1
（ポケモン）めざせポケモンマスター|（こち亀）ナイスな心意気|1
（こち亀）ナイスな心意気|（パラッパラッパー） LOVE TOGETHER |1
（パラッパラッパー） LOVE TOGETHER |（スイートプリキュア）ワンダフル↑パワフル↑ミュージック！|1
（スイートプリキュア）ワンダフル↑パワフル↑ミュージック！|（さわやか3組）さわやか3組|1
（さわやか3組）さわやか3組|（スペースダンディ）ビバナミダ (TV Size)|1
（スペースダンディ）ビバナミダ (TV Size)|（アンパンマン）勇気りんりん|1
（アンパンマン）勇気りんりん|（ガッチャマンクラウズ）Gotchaman~In the name of Love|1
（ガッチャマンクラウズ）Gotchaman~In the name of Love|（エヴァ）集結の園へ|1
（エヴァ）集結の園へ|自由|1
自由|（ボカロ）いーあるふぁんくらぶ|1
（ボカロ）いーあるふぁんくらぶ|（戦国乙女パラドックス）陽炎|1
（戦国乙女パラドックス）陽炎|（サクラ大戦）檄!帝国華撃団|1
（サクラ大戦）檄!帝国華撃団|（走れマキバオー）走れマキバオー |1
（走れマキバオー）走れマキバオー |（アリスSOS）S・O・S (ロングバージョン)|1
（アリスSOS）S・O・S (ロングバージョン)|（じょしらく）ニッポン笑顔百景|1
（じょしらく）ニッポン笑顔百景|（ボカロ）千本桜|1
（ボカロ）千本桜|（機巧少女は傷つかない）回レ！雪月花|1
（機巧少女は傷つかない）回レ！雪月花|（一休さん）とんちんかんちん一休さん|1
（一休さん）とんちんかんちん一休さん|（ちびまる子ちゃん）じゃがバタコーンさん|1
（ちびまる子ちゃん）じゃがバタコーンさん|（クレヨンしんちゃん）オラはにんきもの|1
（クレヨンしんちゃん）オラはにんきもの|（鋼鉄ジーグ）鋼鉄ジーグのうた|1
（鋼鉄ジーグ）鋼鉄ジーグのうた|（グレートマジンガー）おれはグレートマジンガー|1
（グレートマジンガー）おれはグレートマジンガー|（マジンガーZ）マジンガーZ|1
（マジンガーZ）マジンガーZ|（ロボットガールズZ）ロボットガールズZ|1
（ロボットガールズZ）ロボットガールズZ|（けいおん！）Cagayake！GIRLS|1
（けいおん！）Cagayake！GIRLS|（スマイルプリキュア）イェイ! イェイ! イェイ! |1
（スマイルプリキュア）イェイ! イェイ! イェイ! |（BECK）HIT IN THE USA|1
（BECK）HIT IN THE USA|（ピンポン）唯一人|1
（ピンポン）唯一人|end|1
start|（ハッチポッチ）ハッチポッチファミリー ＜フルサイズ＞|1
（ハッチポッチ）ハッチポッチファミリー ＜フルサイズ＞|（ビーストウォース超生命体トランスフォーマー゙）War War! Stop It|1
（ビーストウォース超生命体トランスフォーマー゙）War War! Stop It|（ポケモン）めざせポケモンマスター|1
（ポケモン）めざせポケモンマスター|（こち亀）ナイスな心意気|1
（こち亀）ナイスな心意気|（クレヨンしんちゃん）SIX COLORS BOY|1
（クレヨンしんちゃん）SIX COLORS BOY|（ストリートファイター2）恋しさと せつなさと 心強さと|1
（ストリートファイター2）恋しさと せつなさと 心強さと|（エヴァ）心よ原始に戻れ|1
（エヴァ）心よ原始に戻れ|（ふたつのスピカ）Venus Say・・・|1
（ふたつのスピカ）Venus Say・・・|（うえきの法則）Falco -ファルコ-|1
（うえきの法則）Falco -ファルコ-|（とある科学の超電磁砲）LEVEL5-judgelight-|1
（とある科学の超電磁砲）LEVEL5-judgelight-|（とある科学の超電磁砲S）sister's noise|1
（とある科学の超電磁砲S）sister's noise|（アクセルワールド）Burst the Gravity|1
（アクセルワールド）Burst the Gravity|（セイクリッドセブン）Stone Cold|1
（セイクリッドセブン）Stone Cold|（ジョジョ）ジョジョ〜その血の運命〜|1
（ジョジョ）ジョジョ〜その血の運命〜|（戦国乙女パラドックス）陽炎|1
（戦国乙女パラドックス）陽炎|（サクラ大戦）檄!帝国華撃団|1
（サクラ大戦）檄!帝国華撃団|（大正野球娘）浪漫ちっくストライク。|1
（大正野球娘）浪漫ちっくストライク。|（パワプロ10）Catch Up Dream! |1
（パワプロ10）Catch Up Dream! |（リトルバスターズ）Alicemagic|1
（リトルバスターズ）Alicemagic|（地球防衛企業ダイガード）路地裏の宇宙少年  ~アルバムミックス|1
（地球防衛企業ダイガード）路地裏の宇宙少年  ~アルバムミックス|（おかあさんといっしょ）虫歯建設株式会社|1
（おかあさんといっしょ）虫歯建設株式会社|（アリスSOS）S・O・S (ロングバージョン)|1
（アリスSOS）S・O・S (ロングバージョン)|（CCさくら）プラチナ|1
（CCさくら）プラチナ|（だぁ！だぁ！だぁ！）ハートのつばさ|1
（だぁ！だぁ！だぁ！）ハートのつばさ|（ロウきゅーぶSS）Rolling! Roling!|1
（ロウきゅーぶSS）Rolling! Roling!|（恋愛ラボ）恋愛したいっ！|1
（恋愛ラボ）恋愛したいっ！|（ラブひな）サクラサク|1
（ラブひな）サクラサク|（げんしけん二代目）げんし、女子は、たいようだった。|1
（げんしけん二代目）げんし、女子は、たいようだった。|（メジャー）心絵|1
（メジャー）心絵|end|1
start|（アンパンマン）アンパンマンたいそう|1
（アンパンマン）アンパンマンたいそう|（ちびまる子ちゃん）あっけにとられた時のうた|1
（ちびまる子ちゃん）あっけにとられた時のうた|（キテレツ大百科）お料理行進曲|1
（キテレツ大百科）お料理行進曲|（ハッチポッチ）ハッチポッチファミリー ＜フルサイズ＞|1
（ハッチポッチ）ハッチポッチファミリー ＜フルサイズ＞|（妖怪ウォッチ）ゲラゲラポーのうた|1
（妖怪ウォッチ）ゲラゲラポーのうた|（しまじろう）ハッピー・ジャムジャム|1
（しまじろう）ハッピー・ジャムジャム|（パラッパラッパー） LOVE TOGETHER |1
（パラッパラッパー） LOVE TOGETHER |（スイートプリキュア）ワンダフル↑パワフル↑ミュージック！|1
（スイートプリキュア）ワンダフル↑パワフル↑ミュージック！|（さわやか3組）さわやか3組|1
（さわやか3組）さわやか3組|（スペースダンディ）ビバナミダ (TV Size)|1
（スペースダンディ）ビバナミダ (TV Size)|（ガッチャマンクラウズ）Gotchaman~In the name of Love|1
（ガッチャマンクラウズ）Gotchaman~In the name of Love|（エヴァ）集結の園へ|1
（エヴァ）集結の園へ|（忍たま）勇気100%|1
（忍たま）勇気100%|（団地ともお）団地でDAN! RAN!|1
（団地ともお）団地でDAN! RAN!|（ウルトラマン ティガ）Take Me Higher|1
（ウルトラマン ティガ）Take Me Higher|（こどものおもちゃ）ウルトラ リラックス|1
（こどものおもちゃ）ウルトラ リラックス|（走れマキバオー）走れマキバオー |1
（走れマキバオー）走れマキバオー |（バカとテストと召喚獣 ）バカ・ゴー・ホーム|1
（バカとテストと召喚獣 ）バカ・ゴー・ホーム|（じょしらく）ニッポン笑顔百景|1
（じょしらく）ニッポン笑顔百景|（ボカロ）千本桜|1
（ボカロ）千本桜|（機巧少女は傷つかない）回レ！雪月花|1
（機巧少女は傷つかない）回レ！雪月花|（マクロスF）射手座☆午後九時Don't be late|1
（マクロスF）射手座☆午後九時Don't be late|（鋼の錬金術師）メリッサ|1
（鋼の錬金術師）メリッサ|（猫物語(白)）chocolate insomnia|1
（猫物語(白)）chocolate insomnia|（けいおん！）Cagayake！GIRLS|1
（けいおん！）Cagayake！GIRLS|（スマイルプリキュア）イェイ! イェイ! イェイ! |1
（スマイルプリキュア）イェイ! イェイ! イェイ! |（爆走兄弟レッツ & ゴー!!）GET THE WORLD|1
（爆走兄弟レッツ & ゴー!!）GET THE WORLD|（健全ロボ ダイミダラー）健全ロボ ダイミダラー|1
（健全ロボ ダイミダラー）健全ロボ ダイミダラー|（ピンポン）唯一人|1
（ピンポン）唯一人|end|1
start|試合開始のサイレン|1
試合開始のサイレン|（プリンセス・ナイン）プリンセス・ナイン|1
（プリンセス・ナイン）プリンセス・ナイン|（少女革命ウテナ）truth(エンディングテーマ)|1
（少女革命ウテナ）truth(エンディングテーマ)|（フラクタル）ハリネズミ|1
（フラクタル）ハリネズミ|（忍たま）四方八方肘鉄砲(Splash Version)|1
（忍たま）四方八方肘鉄砲(Splash Version)|（ストリートファイター2）恋しさと せつなさと 心強さと|1
（ストリートファイター2）恋しさと せつなさと 心強さと|（エヴァ）心よ原始に戻れ|1
（エヴァ）心よ原始に戻れ|（ふたつのスピカ）Venus Say・・・|1
（ふたつのスピカ）Venus Say・・・|（ジョジョ）BLOODY STREAM|1
（ジョジョ）BLOODY STREAM|（美少女戦士セーラームーン）ムーンライト伝説|1
（美少女戦士セーラームーン）ムーンライト伝説|（ターンエーガンダム） 月の繭 |1
（ターンエーガンダム） 月の繭 |（ボカロ）Tell your world|1
（ボカロ）Tell your world|（とある科学の超電磁砲S）sister's noise|1
（とある科学の超電磁砲S）sister's noise|（アクセルワールド）Burst the Gravity|1
（アクセルワールド）Burst the Gravity|（セイクリッドセブン）Stone Cold|1
（セイクリッドセブン）Stone Cold|（スクライド）Reckless fire|1
（スクライド）Reckless fire|（ジョジョ）ジョジョ〜その血の運命〜|1
（ジョジョ）ジョジョ〜その血の運命〜|（戦国乙女パラドックス）陽炎|1
（戦国乙女パラドックス）陽炎|（サクラ大戦）檄!帝国華撃団|1
（サクラ大戦）檄!帝国華撃団|（大正野球娘）浪漫ちっくストライク。|1
（大正野球娘）浪漫ちっくストライク。|（パワプロ10）Catch Up Dream! |1
（パワプロ10）Catch Up Dream! |（リトルバスターズ）Alicemagic|1
（リトルバスターズ）Alicemagic|（地球防衛企業ダイガード）路地裏の宇宙少年  ~アルバムミックス|1
（地球防衛企業ダイガード）路地裏の宇宙少年  ~アルバムミックス|（おかあさんといっしょ）虫歯建設株式会社|1
（おかあさんといっしょ）虫歯建設株式会社|（アリスSOS）S・O・S (ロングバージョン)|1
（アリスSOS）S・O・S (ロングバージョン)|（CCさくら）プラチナ|1
（CCさくら）プラチナ|（だぁ！だぁ！だぁ！）ハートのつばさ|1
（だぁ！だぁ！だぁ！）ハートのつばさ|（ロウきゅーぶSS）Rolling! Roling!|1
（ロウきゅーぶSS）Rolling! Roling!|（恋愛ラボ）恋愛したいっ！|1
（恋愛ラボ）恋愛したいっ！|（ラブひな）サクラサク|1
（ラブひな）サクラサク|（げんしけん二代目）げんし、女子は、たいようだった。|1
（げんしけん二代目）げんし、女子は、たいようだった。|（メジャー）心絵|1
（メジャー）心絵|end|1
start|（走れマキバオー）とってもウマナミ|1
（走れマキバオー）とってもウマナミ|（崖の上のポニョ）崖の上のポニョ|1
（崖の上のポニョ）崖の上のポニョ|（凪のあすから）lull ～そして僕らは～|1
（凪のあすから）lull ～そして僕らは～|（銀魂）ウォーアイニー|1
（銀魂）ウォーアイニー|（NARUTO）GO!!!|1
（NARUTO）GO!!!|（エヴァ）魂のルフラン|1
（エヴァ）魂のルフラン|（セイバーマリオネットJ）Successful Mission|1
（セイバーマリオネットJ）Successful Mission|（スレイヤーズNEXT）Give a reason|1
（スレイヤーズNEXT）Give a reason|（電脳冒険記ウェブダイバー）Diver#2100|1
（電脳冒険記ウェブダイバー）Diver#2100|（超ロボット生命体 トランスフォーマー）Transformers ～鋼鉄の勇気～|1
（超ロボット生命体 トランスフォーマー）Transformers ～鋼鉄の勇気～|（絶対可憐チルドレン）Over The Future feat. The CHILDREN|1
（絶対可憐チルドレン）Over The Future feat. The CHILDREN|（Wake Up, Girls!）極上スマイル|1
（Wake Up, Girls!）極上スマイル|（トップをねらえ！）トップをねらえ!～Fly High〜|1
（トップをねらえ！）トップをねらえ!～Fly High〜|（アンパンマン）いくぞ! ばいきんまん|1
（アンパンマン）いくぞ! ばいきんまん|（Another）凶夢伝染|1
（Another）凶夢伝染|（キルラキル）ごめんねいいコじゃいられない|1
（キルラキル）ごめんねいいコじゃいられない|（アイカツ）ヒラリ / ヒトリ / キラリ|1
（アイカツ）ヒラリ / ヒトリ / キラリ|（リトルバスターズ）Alicemagic|1
（リトルバスターズ）Alicemagic|（地球防衛企業ダイガード）路地裏の宇宙少年  ~アルバムミックス|1
（地球防衛企業ダイガード）路地裏の宇宙少年  ~アルバムミックス|（おかあさんといっしょ）虫歯建設株式会社|1
（おかあさんといっしょ）虫歯建設株式会社|（アリスSOS）S・O・S (ロングバージョン)|1
（アリスSOS）S・O・S (ロングバージョン)|（CCさくら）プラチナ|1
（CCさくら）プラチナ|（だぁ！だぁ！だぁ！）ハートのつばさ|1
（だぁ！だぁ！だぁ！）ハートのつばさ|（苺ましまろ）いちごコンプリート|1
（苺ましまろ）いちごコンプリート|（東京ミュウミュウ）恋はア・ラ・モード|1
（東京ミュウミュウ）恋はア・ラ・モード|（バカとテストと召喚獣 ）バカ・ゴー・ホーム|1
（バカとテストと召喚獣 ）バカ・ゴー・ホーム|（ラブひな）サクラサク|1
（ラブひな）サクラサク|（げんしけん二代目）げんし、女子は、たいようだった。|1
（げんしけん二代目）げんし、女子は、たいようだった。|end|1
start|（おかあさんといっしょ）あ・い・うー (指導入り)　体操|1
（おかあさんといっしょ）あ・い・うー (指導入り)　体操|（ハッチポッチ）ハッチポッチファミリー ＜フルサイズ＞|1
（ハッチポッチ）ハッチポッチファミリー ＜フルサイズ＞|（ポンキッキーズ）さあ冒険だ|1
（ポンキッキーズ）さあ冒険だ|（妖怪ウォッチ）ゲラゲラポーのうた|1
（妖怪ウォッチ）ゲラゲラポーのうた|（サザエさん）サザエさん|1
（サザエさん）サザエさん|（ちびまる子ちゃん）KinKiのやる気まんまんソング|1
（ちびまる子ちゃん）KinKiのやる気まんまんソング|（パラッパラッパー） LOVE TOGETHER |1
（パラッパラッパー） LOVE TOGETHER |（スイートプリキュア）ワンダフル↑パワフル↑ミュージック！|1
（スイートプリキュア）ワンダフル↑パワフル↑ミュージック！|（アンパンマン）勇気りんりん|1
（アンパンマン）勇気りんりん|（ガッチャマンクラウズ）Gotchaman~In the name of Love|1
（ガッチャマンクラウズ）Gotchaman~In the name of Love|（エヴァ）集結の園へ|1
（エヴァ）集結の園へ|（忍たま）勇気100%|1
（忍たま）勇気100%|（走れマキバオー）走れマキバオー |1
（走れマキバオー）走れマキバオー |（アリスSOS）S・O・S (ロングバージョン)|1
（アリスSOS）S・O・S (ロングバージョン)|（CCさくら）プラチナ|1
（CCさくら）プラチナ|（魔法少女まどかマギカ）コネクト|1
（魔法少女まどかマギカ）コネクト|end|1
